date,hour,type,东四,天坛,官园,万寿西宫,奥体中心,农展馆,万柳,北部新区,植物园,丰台花园,云岗,古城,房山,大兴,亦庄,通州,顺义,昌平,门头沟,平谷,怀柔,密云,延庆,定陵,八达岭,密云水库,东高村,永乐店,榆垡,琉璃河,前门,永定门内,西直门北,南三环,东四环
20131205,0,PM2.5,,,,,,,,,,,,,,,,,,,,,,,,,,,,,,,,,,,
20131205,0,PM2.5_24h,,,,,,,,,,,,,,,,,,,,,,,,,,,,,,,,,,,
20131205,0,PM10,,,,,,,,,,,,,,,,,,,,,,,,,,,,,,,,,,,
20131205,0,PM10_24h,,,,,,,,,,,,,,,,,,,,,,,,,,,,,,,,,,,
20131205,0,AQI,126.0,145.0,134.0,167.0,113.0,123.0,155.0,147.0,72.0,219.0,143.0,145.0,216.0,284.0,229.0,242.0,73.0,74.0,102.0,,79.0,64.0,168.0,68.0,84.0,37.0,62.0,255.0,368.0,278.0,170.0,181.0,117.0,202.0,175.0
20131205,1,PM2.5,93.0,93.0,63.0,79.0,59.0,108.0,85.0,169.0,49.0,72.0,90.0,109.0,80.0,128.0,205.0,190.0,70.0,80.0,59.0,57.0,54.0,37.0,187.0,55.0,91.0,25.0,68.0,292.0,316.0,163.0,68.0,90.0,54.0,85.0,136.0
20131205,1,PM2.5_24h,93.0,108.0,99.0,123.0,82.0,92.0,115.0,113.0,53.0,163.0,109.0,113.0,164.0,231.0,177.0,190.0,50.0,56.0,77.0,90.0,57.0,45.0,131.0,50.0,64.0,25.0,44.0,209.0,321.0,222.0,124.0,132.0,85.0,147.0,131.0
20131205,1,PM10,103.0,124.0,81.0,107.0,66.0,148.0,,153.0,54.0,79.0,105.0,118.0,,139.0,221.0,190.0,78.0,85.0,70.0,33.0,50.0,36.0,171.0,77.0,92.0,35.0,99.0,289.0,246.0,,75.0,105.0,46.0,99.0,374.0
20131205,1,PM10_24h,97.0,130.0,122.0,141.0,105.0,115.0,,104.0,58.0,207.0,121.0,136.0,,227.0,182.0,198.0,56.0,64.0,112.0,79.0,65.0,62.0,108.0,70.0,73.0,38.0,61.0,194.0,275.0,,101.0,150.0,93.0,128.0,189.0
20131205,1,AQI,123.0,141.0,130.0,161.0,109.0,121.0,150.0,147.0,73.0,213.0,143.0,147.0,214.0,281.0,227.0,240.0,69.0,76.0,103.0,119.0,77.0,63.0,172.0,68.0,86.0,38.0,61.0,259.0,371.0,272.0,163.0,174.0,112.0,195.0,173.0
20131205,2,PM2.5,165.0,148.0,156.0,149.0,80.0,164.0,111.0,170.0,45.0,147.0,77.0,80.0,121.0,201.0,166.0,145.0,90.0,94.0,59.0,47.0,39.0,13.0,240.0,31.0,87.0,,69.0,199.0,248.0,97.0,176.0,154.0,136.0,175.0,148.0
20131205,2,PM2.5_24h,93.0,108.0,100.0,121.0,79.0,92.0,115.0,112.0,54.0,160.0,109.0,115.0,161.0,230.0,173.0,187.0,49.0,58.0,78.0,90.0,54.0,44.0,136.0,49.0,66.0,,44.0,209.0,321.0,214.0,124.0,131.0,85.0,145.0,130.0
20131205,2,PM10,197.0,183.0,191.0,236.0,112.0,232.0,,179.0,52.0,178.0,98.0,93.0,,242.0,173.0,150.0,102.0,103.0,84.0,61.0,41.0,27.0,162.0,42.0,93.0,,85.0,197.0,223.0,,156.0,171.0,169.0,161.0,258.0
20131205,2,PM10_24h,98.0,130.0,124.0,142.0,102.0,117.0,,105.0,60.0,203.0,121.0,138.0,,228.0,180.0,194.0,55.0,66.0,112.0,79.0,63.0,61.0,112.0,69.0,74.0,,60.0,195.0,276.0,,101.0,148.0,93.0,128.0,187.0
20131205,2,AQI,123.0,141.0,131.0,159.0,105.0,122.0,150.0,147.0,74.0,210.0,142.0,149.0,211.0,280.0,223.0,237.0,68.0,78.0,104.0,118.0,74.0,61.0,180.0,68.0,89.0,37.0,61.0,259.0,371.0,264.0,162.0,172.0,112.0,193.0,172.0
20131205,3,PM2.5,133.0,118.0,138.0,119.0,121.0,141.0,102.0,147.0,79.0,151.0,105.0,94.0,169.0,134.0,119.0,111.0,44.0,74.0,64.0,86.0,35.0,12.0,218.0,22.0,66.0,5.0,57.0,133.0,228.0,138.0,146.0,119.0,115.0,127.0,146.0
20131205,3,PM2.5_24h,92.0,106.0,101.0,118.0,78.0,92.0,116.0,112.0,56.0,159.0,110.0,117.0,160.0,225.0,166.0,181.0,49.0,59.0,79.0,90.0,53.0,42.0,141.0,48.0,66.0,24.0,43.0,206.0,321.0,208.0,122.0,128.0,84.0,142.0,129.0
20131205,3,PM10,142.0,146.0,163.0,147.0,163.0,190.0,,115.0,96.0,165.0,129.0,94.0,,134.0,129.0,120.0,49.0,66.0,86.0,50.0,41.0,16.0,155.0,29.0,77.0,7.0,68.0,131.0,197.0,,103.0,116.0,130.0,74.0,358.0
20131205,3,PM10_24h,98.0,130.0,126.0,139.0,101.0,118.0,,106.0,63.0,200.0,123.0,138.0,,224.0,176.0,189.0,55.0,66.0,114.0,78.0,62.0,60.0,115.0,67.0,74.0,36.0,59.0,193.0,275.0,,99.0,143.0,92.0,124.0,191.0
20131205,3,AQI,121.0,139.0,133.0,154.0,103.0,121.0,151.0,146.0,76.0,209.0,143.0,152.0,210.0,275.0,216.0,231.0,67.0,80.0,105.0,118.0,72.0,59.0,187.0,66.0,89.0,36.0,60.0,256.0,371.0,258.0,160.0,168.0,111.0,189.0,170.0
20131205,4,PM2.5,85.0,88.0,115.0,101.0,82.0,106.0,100.0,130.0,89.0,147.0,96.0,84.0,139.0,109.0,121.0,96.0,17.0,73.0,64.0,70.0,16.0,7.0,191.0,9.0,49.0,3.0,44.0,98.0,173.0,129.0,117.0,96.0,96.0,110.0,105.0
20131205,4,PM2.5_24h,90.0,103.0,101.0,115.0,75.0,90.0,115.0,112.0,59.0,160.0,110.0,118.0,158.0,220.0,160.0,172.0,47.0,60.0,80.0,89.0,51.0,41.0,145.0,46.0,66.0,23.0,43.0,201.0,318.0,202.0,119.0,124.0,83.0,139.0,125.0
20131205,4,PM10,78.0,106.0,122.0,93.0,111.0,124.0,,105.0,83.0,157.0,112.0,98.0,,106.0,133.0,100.0,15.0,67.0,85.0,38.0,17.0,12.0,130.0,6.0,69.0,12.0,52.0,93.0,135.0,,78.0,86.0,87.0,53.0,239.0
20131205,4,PM10_24h,95.0,127.0,125.0,134.0,99.0,116.0,,106.0,65.0,194.0,125.0,138.0,,220.0,172.0,180.0,54.0,67.0,115.0,78.0,60.0,59.0,117.0,64.0,74.0,36.0,59.0,188.0,272.0,,96.0,138.0,89.0,120.0,190.0
20131205,4,AQI,118.0,135.0,133.0,150.0,100.0,118.0,150.0,146.0,80.0,210.0,144.0,154.0,208.0,270.0,210.0,222.0,65.0,81.0,107.0,117.0,70.0,57.0,192.0,64.0,88.0,36.0,60.0,251.0,368.0,252.0,156.0,163.0,109.0,185.0,165.0
20131205,5,PM2.5,29.0,27.0,45.0,46.0,42.0,30.0,98.0,81.0,56.0,76.0,86.0,70.0,97.0,71.0,58.0,40.0,12.0,7.0,61.0,56.0,6.0,6.0,155.0,5.0,25.0,,38.0,90.0,105.0,110.0,58.0,39.0,36.0,57.0,34.0
20131205,5,PM2.5_24h,85.0,98.0,99.0,109.0,72.0,85.0,116.0,110.0,60.0,157.0,112.0,118.0,157.0,214.0,151.0,162.0,46.0,58.0,82.0,88.0,50.0,40.0,146.0,44.0,64.0,,42.0,195.0,311.0,195.0,116.0,118.0,79.0,134.0,120.0
20131205,5,PM10,31.0,30.0,45.0,26.0,47.0,22.0,,40.0,43.0,109.0,76.0,61.0,,67.0,61.0,46.0,6.0,6.0,79.0,15.0,47.0,11.0,111.0,9.0,47.0,,49.0,88.0,83.0,,24.0,24.0,18.0,9.0,60.0
20131205,5,PM10_24h,91.0,122.0,122.0,128.0,95.0,110.0,,104.0,65.0,189.0,127.0,137.0,,215.0,166.0,170.0,53.0,65.0,117.0,77.0,60.0,57.0,119.0,61.0,72.0,,58.0,184.0,267.0,,93.0,131.0,85.0,113.0,180.0
20131205,5,AQI,112.0,129.0,130.0,143.0,97.0,113.0,151.0,143.0,81.0,207.0,146.0,154.0,207.0,264.0,201.0,212.0,64.0,79.0,108.0,116.0,68.0,56.0,195.0,61.0,86.0,34.0,59.0,245.0,361.0,245.0,151.0,154.0,105.0,177.0,157.0
20131205,6,PM2.5,24.0,24.0,46.0,20.0,30.0,21.0,64.0,30.0,27.0,52.0,71.0,49.0,51.0,32.0,22.0,13.0,5.0,6.0,50.0,,3.0,4.0,89.0,3.0,15.0,3.0,30.0,71.0,101.0,84.0,26.0,19.0,29.0,24.0,27.0
20131205,6,PM2.5_24h,80.0,93.0,96.0,105.0,69.0,82.0,115.0,106.0,59.0,155.0,114.0,117.0,155.0,207.0,144.0,148.0,45.0,56.0,82.0,,48.0,38.0,146.0,42.0,62.0,21.0,42.0,189.0,305.0,188.0,112.0,112.0,76.0,128.0,114.0
20131205,6,PM10,20.0,31.0,59.0,17.0,29.0,18.0,,13.0,33.0,50.0,84.0,44.0,,29.0,22.0,32.0,10.0,8.0,63.0,,9.0,11.0,64.0,9.0,38.0,8.0,33.0,65.0,87.0,,12.0,18.0,27.0,9.0,63.0
20131205,6,PM10_24h,86.0,117.0,119.0,123.0,91.0,106.0,,102.0,65.0,181.0,129.0,135.0,,208.0,161.0,159.0,52.0,62.0,117.0,,59.0,56.0,119.0,58.0,71.0,33.0,56.0,177.0,261.0,,89.0,126.0,81.0,107.0,173.0
20131205,6,AQI,106.0,123.0,127.0,137.0,93.0,108.0,150.0,139.0,80.0,205.0,148.0,153.0,205.0,257.0,191.0,198.0,63.0,76.0,109.0,114.0,67.0,54.0,194.0,59.0,84.0,33.0,58.0,239.0,355.0,238.0,146.0,147.0,102.0,168.0,149.0
20131205,7,PM2.5,17.0,24.0,23.0,24.0,18.0,17.0,29.0,19.0,8.0,36.0,44.0,19.0,59.0,34.0,17.0,16.0,3.0,6.0,30.0,27.0,3.0,5.0,64.0,3.0,16.0,6.0,26.0,66.0,90.0,53.0,29.0,20.0,20.0,21.0,32.0
20131205,7,PM2.5_24h,76.0,89.0,93.0,102.0,66.0,79.0,112.0,103.0,58.0,151.0,114.0,116.0,153.0,201.0,137.0,139.0,44.0,54.0,82.0,85.0,47.0,37.0,146.0,40.0,60.0,20.0,41.0,182.0,297.0,178.0,108.0,107.0,73.0,122.0,110.0
20131205,7,PM10,16.0,30.0,41.0,9.0,18.0,27.0,,8.0,26.0,31.0,59.0,19.0,,31.0,21.0,26.0,10.0,7.0,42.0,11.0,19.0,12.0,59.0,6.0,36.0,9.0,33.0,65.0,78.0,,10.0,19.0,6.0,19.0,118.0
20131205,7,PM10_24h,82.0,113.0,115.0,120.0,87.0,103.0,,99.0,65.0,172.0,130.0,134.0,,202.0,155.0,151.0,51.0,60.0,117.0,74.0,57.0,55.0,118.0,55.0,69.0,32.0,55.0,172.0,255.0,,85.0,118.0,76.0,102.0,170.0
20131205,7,AQI,101.0,118.0,123.0,133.0,89.0,104.0,146.0,135.0,79.0,201.0,148.0,151.0,203.0,251.0,181.0,184.0,62.0,74.0,109.0,112.0,64.0,53.0,193.0,57.0,81.0,32.0,58.0,232.0,347.0,228.0,141.0,139.0,97.0,160.0,143.0
20131205,8,PM2.5,13.0,13.0,13.0,11.0,11.0,26.0,17.0,20.0,21.0,16.0,40.0,16.0,56.0,15.0,17.0,13.0,7.0,11.0,30.0,17.0,7.0,7.0,59.0,3.0,11.0,3.0,22.0,38.0,68.0,55.0,14.0,14.0,12.0,19.0,17.0
20131205,8,PM2.5_24h,73.0,86.0,90.0,98.0,64.0,76.0,108.0,100.0,57.0,146.0,113.0,114.0,149.0,193.0,132.0,132.0,44.0,53.0,82.0,83.0,45.0,36.0,145.0,39.0,58.0,19.0,41.0,172.0,288.0,170.0,103.0,101.0,71.0,117.0,105.0
20131205,8,PM10,22.0,31.0,34.0,6.0,18.0,42.0,,16.0,23.0,33.0,65.0,30.0,,25.0,27.0,33.0,7.0,12.0,53.0,7.0,16.0,20.0,50.0,7.0,27.0,6.0,33.0,39.0,63.0,,7.0,17.0,6.0,6.0,42.0
20131205,8,PM10_24h,79.0,109.0,111.0,114.0,84.0,99.0,,97.0,64.0,163.0,131.0,131.0,,194.0,151.0,144.0,50.0,58.0,116.0,70.0,55.0,53.0,118.0,52.0,67.0,30.0,54.0,163.0,248.0,,80.0,109.0,74.0,97.0,163.0
20131205,8,AQI,98.0,113.0,119.0,128.0,86.0,101.0,141.0,131.0,78.0,194.0,148.0,149.0,199.0,243.0,174.0,175.0,61.0,72.0,109.0,110.0,62.0,52.0,192.0,54.0,79.0,30.0,57.0,222.0,338.0,220.0,135.0,132.0,94.0,153.0,137.0
20131205,9,PM2.5,18.0,14.0,10.0,10.0,6.0,23.0,16.0,32.0,21.0,9.0,70.0,20.0,27.0,15.0,18.0,15.0,7.0,9.0,30.0,8.0,7.0,3.0,40.0,4.0,12.0,8.0,13.0,24.0,63.0,46.0,17.0,11.0,14.0,16.0,15.0
20131205,9,PM2.5_24h,71.0,81.0,87.0,95.0,61.0,74.0,103.0,98.0,55.0,140.0,114.0,111.0,145.0,184.0,126.0,128.0,42.0,51.0,82.0,81.0,42.0,33.0,142.0,37.0,56.0,17.0,40.0,160.0,278.0,160.0,99.0,96.0,69.0,113.0,100.0
20131205,9,PM10,25.0,19.0,63.0,6.0,9.0,27.0,,27.0,25.0,37.0,105.0,34.0,,39.0,32.0,37.0,10.0,10.0,60.0,23.0,31.0,21.0,33.0,10.0,28.0,11.0,24.0,37.0,51.0,,6.0,12.0,6.0,6.0,40.0
20131205,9,PM10_24h,77.0,103.0,109.0,111.0,80.0,97.0,,94.0,62.0,154.0,133.0,127.0,,185.0,146.0,140.0,48.0,56.0,116.0,63.0,53.0,51.0,116.0,50.0,65.0,29.0,52.0,153.0,239.0,,76.0,104.0,72.0,92.0,158.0
20131205,9,AQI,95.0,108.0,115.0,124.0,83.0,99.0,135.0,128.0,75.0,186.0,149.0,145.0,193.0,234.0,166.0,169.0,59.0,70.0,109.0,107.0,59.0,51.0,189.0,52.0,76.0,29.0,56.0,210.0,328.0,210.0,130.0,126.0,92.0,147.0,132.0
20131205,10,PM2.5,11.0,9.0,11.0,3.0,13.0,14.0,14.0,16.0,14.0,6.0,21.0,16.0,21.0,9.0,16.0,17.0,11.0,14.0,19.0,9.0,9.0,8.0,33.0,8.0,16.0,3.0,6.0,14.0,27.0,31.0,23.0,14.0,13.0,8.0,20.0
20131205,10,PM2.5_24h,69.0,78.0,84.0,92.0,59.0,71.0,99.0,91.0,53.0,134.0,111.0,107.0,141.0,169.0,123.0,125.0,41.0,50.0,81.0,76.0,40.0,31.0,138.0,35.0,54.0,16.0,38.0,145.0,266.0,151.0,96.0,93.0,66.0,110.0,97.0
20131205,10,PM10,17.0,45.0,67.0,6.0,14.0,19.0,,15.0,23.0,52.0,66.0,23.0,,40.0,39.0,51.0,10.0,17.0,30.0,67.0,30.0,13.0,31.0,10.0,36.0,6.0,19.0,21.0,25.0,,21.0,21.0,20.0,7.0,43.0
20131205,10,PM10_24h,75.0,101.0,107.0,108.0,76.0,92.0,,90.0,59.0,151.0,131.0,123.0,,171.0,145.0,137.0,46.0,54.0,115.0,60.0,51.0,48.0,112.0,48.0,63.0,27.0,51.0,140.0,229.0,,74.0,101.0,70.0,90.0,153.0
20131205,10,AQI,92.0,104.0,111.0,121.0,79.0,95.0,130.0,120.0,72.0,177.0,145.0,140.0,186.0,219.0,161.0,165.0,58.0,68.0,108.0,101.0,56.0,48.0,182.0,50.0,73.0,27.0,54.0,193.0,316.0,201.0,126.0,123.0,89.0,143.0,128.0
20131205,11,PM2.5,7.0,10.0,12.0,7.0,8.0,5.0,18.0,16.0,14.0,9.0,15.0,14.0,19.0,10.0,17.0,13.0,9.0,14.0,17.0,110.0,9.0,6.0,33.0,12.0,14.0,,6.0,15.0,21.0,25.0,11.0,9.0,9.0,11.0,16.0
20131205,11,PM2.5_24h,66.0,76.0,81.0,89.0,56.0,68.0,95.0,88.0,51.0,129.0,107.0,104.0,135.0,151.0,118.0,122.0,40.0,48.0,80.0,75.0,38.0,30.0,133.0,34.0,52.0,,36.0,139.0,254.0,145.0,93.0,91.0,63.0,107.0,94.0
20131205,11,PM10,17.0,63.0,37.0,6.0,22.0,9.0,,6.0,18.0,42.0,32.0,23.0,,33.0,27.0,59.0,8.0,12.0,28.0,20.0,25.0,8.0,35.0,20.0,34.0,,9.0,39.0,21.0,,6.0,16.0,16.0,6.0,31.0
20131205,11,PM10_24h,72.0,100.0,103.0,105.0,73.0,90.0,,88.0,57.0,148.0,127.0,119.0,,153.0,141.0,135.0,44.0,52.0,112.0,56.0,49.0,46.0,108.0,46.0,61.0,,49.0,137.0,218.0,,71.0,99.0,66.0,88.0,150.0
20131205,11,AQI,89.0,101.0,108.0,118.0,76.0,92.0,125.0,116.0,70.0,170.0,139.0,136.0,179.0,201.0,155.0,160.0,56.0,67.0,106.0,100.0,54.0,46.0,176.0,49.0,71.0,,52.0,184.0,304.0,193.0,122.0,120.0,85.0,140.0,124.0
20131205,12,PM2.5,8.0,9.0,16.0,,11.0,11.0,17.0,6.0,8.0,3.0,16.0,9.0,20.0,9.0,19.0,14.0,6.0,13.0,16.0,7.0,9.0,5.0,28.0,11.0,9.0,4.0,5.0,8.0,14.0,23.0,3.0,8.0,6.0,13.0,5.0
20131205,12,PM2.5_24h,64.0,74.0,79.0,90.0,54.0,66.0,93.0,86.0,50.0,126.0,103.0,99.0,128.0,136.0,114.0,119.0,39.0,47.0,77.0,70.0,37.0,29.0,129.0,33.0,49.0,14.0,35.0,135.0,246.0,140.0,90.0,88.0,61.0,104.0,92.0
20131205,12,PM10,17.0,20.0,35.0,,15.0,10.0,,6.0,9.0,24.0,23.0,11.0,,18.0,23.0,29.0,6.0,13.0,16.0,7.0,8.0,6.0,38.0,18.0,32.0,6.0,6.0,32.0,6.0,,6.0,12.0,6.0,6.0,14.0
20131205,12,PM10_24h,69.0,97.0,101.0,106.0,71.0,86.0,,86.0,56.0,144.0,122.0,113.0,,139.0,136.0,131.0,43.0,50.0,107.0,52.0,47.0,45.0,105.0,45.0,59.0,24.0,47.0,135.0,208.0,,69.0,96.0,64.0,85.0,146.0
20131205,12,AQI,86.0,98.0,105.0,118.0,74.0,89.0,122.0,114.0,68.0,165.0,134.0,130.0,168.0,180.0,149.0,155.0,54.0,65.0,103.0,93.0,52.0,45.0,170.0,47.0,67.0,24.0,50.0,179.0,296.0,185.0,119.0,117.0,82.0,137.0,121.0
20131205,13,PM2.5,9.0,6.0,14.0,,9.0,8.0,16.0,8.0,8.0,3.0,15.0,13.0,14.0,10.0,12.0,14.0,5.0,5.0,13.0,7.0,7.0,8.0,18.0,10.0,16.0,,3.0,7.0,3.0,13.0,18.0,3.0,12.0,3.0,5.0
20131205,13,PM2.5_24h,61.0,72.0,78.0,91.0,52.0,64.0,92.0,85.0,48.0,121.0,99.0,96.0,119.0,128.0,112.0,117.0,38.0,45.0,73.0,65.0,35.0,28.0,124.0,32.0,46.0,,34.0,132.0,233.0,134.0,88.0,86.0,60.0,101.0,71.0
20131205,13,PM10,10.0,10.0,27.0,,10.0,10.0,,6.0,8.0,16.0,17.0,13.0,,13.0,13.0,20.0,6.0,6.0,12.0,20.0,13.0,6.0,43.0,12.0,38.0,,8.0,22.0,8.0,,6.0,9.0,6.0,6.0,18.0
20131205,13,PM10_24h,67.0,95.0,100.0,107.0,68.0,84.0,,85.0,54.0,139.0,116.0,110.0,,132.0,128.0,130.0,42.0,49.0,102.0,48.0,45.0,44.0,103.0,43.0,57.0,,46.0,133.0,197.0,,68.0,95.0,63.0,83.0,141.0
20131205,13,AQI,83.0,97.0,103.0,120.0,71.0,86.0,121.0,112.0,67.0,159.0,130.0,127.0,156.0,169.0,146.0,152.0,53.0,63.0,98.0,87.0,50.0,44.0,163.0,45.0,64.0,23.0,48.0,174.0,283.0,177.0,117.0,114.0,81.0,133.0,96.0
20131205,14,PM2.5,3.0,8.0,22.0,10.0,12.0,3.0,14.0,7.0,6.0,3.0,14.0,4.0,17.0,9.0,15.0,14.0,3.0,8.0,9.0,11.0,10.0,3.0,18.0,13.0,18.0,,7.0,10.0,3.0,3.0,19.0,10.0,11.0,15.0,9.0
20131205,14,PM2.5_24h,59.0,70.0,76.0,89.0,50.0,62.0,90.0,84.0,47.0,118.0,95.0,93.0,113.0,123.0,110.0,116.0,37.0,44.0,69.0,59.0,33.0,27.0,120.0,30.0,44.0,,32.0,130.0,218.0,127.0,87.0,85.0,58.0,98.0,70.0
20131205,14,PM10,8.0,15.0,26.0,,11.0,14.0,,6.0,6.0,12.0,19.0,6.0,,17.0,12.0,12.0,6.0,13.0,6.0,19.0,11.0,6.0,44.0,17.0,35.0,,11.0,10.0,6.0,,6.0,10.0,6.0,6.0,21.0
20131205,14,PM10_24h,65.0,92.0,98.0,110.0,66.0,82.0,,84.0,52.0,134.0,110.0,105.0,,127.0,124.0,129.0,41.0,47.0,96.0,45.0,43.0,43.0,101.0,42.0,56.0,,44.0,131.0,182.0,,66.0,93.0,61.0,80.0,140.0
20131205,14,AQI,80.0,94.0,101.0,118.0,69.0,84.0,119.0,111.0,65.0,153.0,125.0,122.0,147.0,161.0,143.0,151.0,52.0,61.0,93.0,80.0,48.0,43.0,157.0,43.0,61.0,,45.0,171.0,268.0,168.0,115.0,112.0,79.0,129.0,95.0
20131205,15,PM2.5,7.0,8.0,10.0,12.0,12.0,11.0,14.0,10.0,6.0,3.0,8.0,5.0,11.0,5.0,14.0,8.0,6.0,13.0,3.0,10.0,12.0,5.0,18.0,11.0,14.0,,8.0,4.0,3.0,3.0,18.0,4.0,12.0,11.0,11.0
20131205,15,PM2.5_24h,57.0,69.0,74.0,87.0,49.0,61.0,88.0,83.0,45.0,109.0,89.0,87.0,106.0,117.0,107.0,115.0,36.0,43.0,65.0,54.0,32.0,26.0,117.0,29.0,43.0,,31.0,128.0,202.0,120.0,86.0,83.0,57.0,94.0,69.0
20131205,15,PM10,11.0,19.0,30.0,6.0,10.0,18.0,,6.0,12.0,17.0,19.0,6.0,,13.0,16.0,15.0,7.0,20.0,6.0,10.0,19.0,6.0,30.0,16.0,30.0,,12.0,6.0,6.0,,6.0,8.0,6.0,6.0,21.0
20131205,15,PM10_24h,63.0,90.0,96.0,106.0,65.0,80.0,,83.0,49.0,127.0,103.0,99.0,,122.0,120.0,128.0,40.0,46.0,90.0,42.0,41.0,43.0,99.0,40.0,55.0,,42.0,130.0,168.0,,65.0,91.0,60.0,75.0,138.0
20131205,15,AQI,78.0,92.0,98.0,115.0,67.0,82.0,117.0,110.0,62.0,143.0,117.0,115.0,138.0,152.0,140.0,150.0,51.0,59.0,87.0,74.0,46.0,43.0,153.0,41.0,60.0,,44.0,168.0,252.0,157.0,113.0,109.0,77.0,123.0,94.0
20131205,16,PM2.5,14.0,11.0,11.0,12.0,13.0,9.0,13.0,5.0,9.0,3.0,12.0,14.0,19.0,16.0,16.0,14.0,12.0,12.0,5.0,8.0,12.0,7.0,12.0,11.0,12.0,7.0,6.0,5.0,16.0,15.0,22.0,13.0,15.0,18.0,10.0
20131205,16,PM2.5_24h,56.0,67.0,71.0,82.0,48.0,59.0,84.0,81.0,41.0,102.0,83.0,81.0,98.0,110.0,104.0,114.0,35.0,41.0,60.0,51.0,31.0,26.0,114.0,28.0,42.0,12.0,29.0,126.0,188.0,115.0,85.0,80.0,56.0,88.0,67.0
20131205,16,PM10,13.0,23.0,25.0,6.0,12.0,21.0,,6.0,6.0,17.0,26.0,12.0,,19.0,18.0,14.0,14.0,13.0,18.0,10.0,23.0,9.0,18.0,18.0,25.0,11.0,15.0,8.0,44.0,,6.0,15.0,6.0,20.0,16.0
20131205,16,PM10_24h,62.0,87.0,92.0,98.0,63.0,79.0,,82.0,44.0,120.0,98.0,93.0,,116.0,115.0,127.0,40.0,45.0,84.0,41.0,39.0,42.0,96.0,39.0,55.0,19.0,41.0,128.0,157.0,,64.0,87.0,59.0,70.0,136.0
20131205,16,AQI,77.0,90.0,94.0,109.0,66.0,80.0,112.0,108.0,58.0,133.0,110.0,107.0,129.0,144.0,136.0,149.0,50.0,58.0,81.0,70.0,44.0,42.0,149.0,39.0,58.0,23.0,42.0,165.0,238.0,150.0,112.0,106.0,76.0,117.0,93.0
20131205,17,PM2.5,10.0,20.0,16.0,16.0,13.0,15.0,20.0,3.0,6.0,13.0,20.0,11.0,30.0,22.0,15.0,24.0,14.0,13.0,16.0,8.0,16.0,6.0,14.0,14.0,12.0,4.0,11.0,25.0,12.0,33.0,21.0,15.0,9.0,21.0,10.0
20131205,17,PM2.5_24h,54.0,64.0,66.0,76.0,47.0,58.0,79.0,79.0,37.0,95.0,75.0,75.0,89.0,104.0,99.0,114.0,35.0,39.0,54.0,50.0,30.0,25.0,111.0,26.0,40.0,11.0,28.0,123.0,173.0,110.0,78.0,74.0,54.0,82.0,66.0
20131205,17,PM10,15.0,35.0,26.0,6.0,16.0,15.0,,6.0,7.0,21.0,41.0,45.0,,27.0,21.0,31.0,17.0,19.0,47.0,16.0,24.0,11.0,13.0,19.0,22.0,6.0,14.0,28.0,15.0,,6.0,17.0,10.0,34.0,17.0
20131205,17,PM10_24h,59.0,82.0,86.0,89.0,61.0,77.0,,78.0,40.0,113.0,91.0,87.0,,110.0,108.0,125.0,40.0,42.0,76.0,39.0,37.0,41.0,93.0,36.0,53.0,18.0,39.0,126.0,146.0,,58.0,80.0,56.0,65.0,133.0
20131205,17,AQI,74.0,86.0,88.0,101.0,65.0,79.0,105.0,105.0,53.0,125.0,100.0,99.0,117.0,136.0,129.0,148.0,50.0,55.0,74.0,68.0,42.0,41.0,145.0,37.0,56.0,21.0,40.0,161.0,223.0,143.0,104.0,98.0,73.0,109.0,92.0
20131205,18,PM2.5,15.0,16.0,17.0,20.0,25.0,11.0,23.0,30.0,9.0,35.0,38.0,39.0,51.0,30.0,32.0,50.0,19.0,16.0,32.0,14.0,25.0,13.0,16.0,35.0,10.0,7.0,7.0,29.0,7.0,47.0,27.0,22.0,16.0,30.0,33.0
20131205,18,PM2.5_24h,47.0,59.0,60.0,70.0,46.0,56.0,73.0,77.0,33.0,87.0,68.0,68.0,87.0,96.0,92.0,109.0,35.0,37.0,49.0,46.0,28.0,24.0,106.0,25.0,38.0,11.0,27.0,119.0,156.0,105.0,70.0,67.0,49.0,76.0,64.0
20131205,18,PM10,28.0,31.0,39.0,56.0,88.0,27.0,,60.0,24.0,83.0,74.0,74.0,,47.0,48.0,69.0,29.0,24.0,81.0,25.0,44.0,41.0,17.0,43.0,21.0,6.0,7.0,53.0,9.0,,25.0,42.0,27.0,41.0,97.0
20131205,18,PM10_24h,53.0,75.0,80.0,82.0,62.0,75.0,,76.0,36.0,108.0,85.0,82.0,,102.0,101.0,119.0,39.0,39.0,69.0,36.0,35.0,37.0,89.0,34.0,51.0,16.0,38.0,122.0,132.0,,51.0,74.0,51.0,59.0,129.0
20131205,18,AQI,65.0,80.0,81.0,93.0,64.0,76.0,98.0,103.0,47.0,115.0,91.0,92.0,115.0,126.0,121.0,142.0,49.0,52.0,67.0,64.0,40.0,37.0,139.0,35.0,53.0,21.0,38.0,156.0,206.0,137.0,94.0,90.0,67.0,101.0,90.0
20131205,19,PM2.5,31.0,18.0,32.0,44.0,30.0,30.0,45.0,68.0,19.0,49.0,63.0,69.0,68.0,53.0,34.0,86.0,40.0,28.0,54.0,23.0,73.0,79.0,14.0,25.0,20.0,,5.0,57.0,35.0,93.0,54.0,37.0,29.0,50.0,54.0
20131205,19,PM2.5_24h,47.0,54.0,54.0,63.0,45.0,55.0,67.0,76.0,30.0,79.0,62.0,63.0,86.0,88.0,83.0,101.0,34.0,35.0,45.0,43.0,28.0,24.0,99.0,24.0,36.0,,26.0,111.0,141.0,100.0,63.0,61.0,44.0,70.0,63.0
20131205,19,PM10,62.0,41.0,56.0,120.0,87.0,68.0,,95.0,38.0,87.0,105.0,107.0,,76.0,41.0,118.0,42.0,30.0,126.0,37.0,79.0,144.0,13.0,34.0,21.0,,7.0,64.0,39.0,,51.0,57.0,44.0,53.0,128.0
20131205,19,PM10_24h,54.0,70.0,73.0,77.0,63.0,74.0,,75.0,34.0,101.0,80.0,76.0,,96.0,92.0,113.0,38.0,37.0,65.0,35.0,35.0,36.0,83.0,32.0,49.0,,36.0,114.0,119.0,,45.0,67.0,44.0,54.0,129.0
20131205,19,AQI,64.0,74.0,74.0,85.0,63.0,75.0,90.0,101.0,43.0,105.0,84.0,85.0,114.0,116.0,110.0,132.0,48.0,50.0,62.0,59.0,39.0,36.0,130.0,33.0,52.0,16.0,36.0,145.0,187.0,131.0,85.0,83.0,61.0,93.0,90.0
20131205,20,PM2.5,40.0,36.0,51.0,58.0,40.0,47.0,66.0,40.0,36.0,78.0,83.0,85.0,,49.0,79.0,68.0,58.0,65.0,60.0,39.0,70.0,91.0,29.0,23.0,15.0,,10.0,147.0,76.0,88.0,60.0,42.0,44.0,53.0,49.0
20131205,20,PM2.5_24h,46.0,49.0,49.0,58.0,45.0,53.0,62.0,71.0,29.0,72.0,59.0,59.0,81.0,79.0,77.0,90.0,32.0,35.0,42.0,41.0,28.0,25.0,91.0,22.0,34.0,,25.0,107.0,128.0,94.0,57.0,55.0,41.0,63.0,60.0
20131205,20,PM10,67.0,58.0,79.0,113.0,85.0,83.0,,68.0,50.0,99.0,123.0,132.0,,56.0,81.0,92.0,71.0,71.0,112.0,142.0,63.0,104.0,26.0,30.0,21.0,,16.0,127.0,84.0,,54.0,56.0,71.0,44.0,88.0
20131205,20,PM10_24h,53.0,65.0,69.0,72.0,63.0,72.0,,69.0,33.0,93.0,77.0,71.0,,87.0,85.0,101.0,35.0,37.0,63.0,38.0,35.0,35.0,76.0,30.0,47.0,,35.0,108.0,109.0,,41.0,60.0,43.0,48.0,124.0
20131205,20,AQI,63.0,67.0,67.0,78.0,62.0,72.0,84.0,95.0,41.0,96.0,80.0,79.0,108.0,105.0,103.0,119.0,45.0,50.0,59.0,57.0,39.0,36.0,119.0,32.0,49.0,16.0,35.0,140.0,168.0,123.0,78.0,75.0,58.0,84.0,87.0
20131205,21,PM2.5,60.0,60.0,62.0,62.0,47.0,49.0,79.0,52.0,41.0,106.0,97.0,101.0,,72.0,104.0,82.0,70.0,51.0,58.0,146.0,56.0,76.0,29.0,19.0,19.0,,19.0,139.0,109.0,115.0,75.0,65.0,57.0,75.0,43.0
20131205,21,PM2.5_24h,44.0,45.0,48.0,52.0,43.0,49.0,58.0,66.0,29.0,65.0,57.0,54.0,72.0,71.0,74.0,80.0,31.0,34.0,41.0,44.0,27.0,25.0,83.0,21.0,32.0,,24.0,103.0,117.0,90.0,53.0,49.0,42.0,56.0,56.0
20131205,21,PM10,94.0,82.0,88.0,138.0,89.0,98.0,,82.0,52.0,140.0,141.0,143.0,,71.0,107.0,89.0,82.0,56.0,103.0,77.0,49.0,98.0,30.0,43.0,21.0,,28.0,123.0,110.0,,70.0,87.0,76.0,90.0,73.0
20131205,21,PM10_24h,52.0,61.0,69.0,68.0,63.0,69.0,,65.0,34.0,86.0,77.0,66.0,,79.0,80.0,93.0,34.0,36.0,62.0,38.0,34.0,35.0,70.0,29.0,45.0,,34.0,102.0,101.0,,39.0,53.0,44.0,43.0,117.0
20131205,21,AQI,61.0,62.0,66.0,71.0,60.0,68.0,78.0,89.0,41.0,87.0,78.0,73.0,97.0,95.0,99.0,107.0,44.0,49.0,57.0,61.0,39.0,35.0,110.0,29.0,46.0,,34.0,134.0,153.0,118.0,73.0,67.0,58.0,77.0,84.0
20131205,22,PM2.5,67.0,67.0,67.0,87.0,56.0,62.0,90.0,61.0,47.0,111.0,88.0,107.0,80.0,67.0,107.0,92.0,87.0,60.0,42.0,90.0,55.0,61.0,51.0,49.0,19.0,18.0,26.0,121.0,98.0,98.0,93.0,77.0,64.0,94.0,51.0
20131205,22,PM2.5_24h,42.0,41.0,47.0,47.0,41.0,47.0,54.0,62.0,29.0,57.0,56.0,52.0,65.0,63.0,71.0,71.0,30.0,34.0,39.0,45.0,27.0,24.0,78.0,21.0,30.0,10.0,24.0,94.0,105.0,82.0,52.0,44.0,41.0,52.0,52.0
20131205,22,PM10,88.0,88.0,96.0,156.0,82.0,94.0,,115.0,52.0,144.0,125.0,161.0,,68.0,104.0,93.0,97.0,64.0,67.0,40.0,45.0,70.0,41.0,74.0,25.0,16.0,33.0,111.0,89.0,,77.0,96.0,71.0,82.0,75.0
20131205,22,PM10_24h,51.0,58.0,69.0,66.0,60.0,66.0,,63.0,34.0,77.0,77.0,66.0,,71.0,77.0,84.0,34.0,36.0,61.0,36.0,34.0,34.0,66.0,29.0,43.0,14.0,34.0,93.0,92.0,,38.0,49.0,44.0,39.0,108.0
20131205,22,AQI,58.0,58.0,65.0,65.0,57.0,64.0,74.0,84.0,42.0,78.0,76.0,71.0,88.0,85.0,95.0,95.0,43.0,48.0,56.0,62.0,38.0,34.0,104.0,29.0,43.0,14.0,34.0,124.0,138.0,109.0,71.0,61.0,57.0,71.0,79.0
20131205,23,PM2.5,79.0,79.0,76.0,94.0,54.0,68.0,96.0,73.0,48.0,125.0,94.0,94.0,120.0,89.0,99.0,108.0,137.0,58.0,50.0,57.0,48.0,60.0,56.0,70.0,17.0,,21.0,118.0,91.0,126.0,89.0,84.0,63.0,83.0,59.0
20131205,23,PM2.5_24h,42.0,41.0,47.0,48.0,38.0,45.0,53.0,57.0,30.0,56.0,56.0,51.0,63.0,56.0,64.0,63.0,33.0,33.0,38.0,42.0,27.0,24.0,74.0,21.0,28.0,,23.0,84.0,95.0,76.0,52.0,44.0,40.0,50.0,48.0
20131205,23,PM10,100.0,97.0,98.0,176.0,77.0,102.0,,115.0,59.0,168.0,127.0,137.0,,93.0,93.0,113.0,140.0,50.0,102.0,21.0,45.0,52.0,45.0,71.0,22.0,,35.0,114.0,82.0,,82.0,93.0,71.0,76.0,82.0
20131205,23,PM10_24h,52.0,59.0,69.0,72.0,57.0,64.0,,60.0,35.0,78.0,78.0,67.0,,65.0,71.0,75.0,36.0,35.0,61.0,34.0,33.0,33.0,63.0,29.0,41.0,,32.0,84.0,84.0,,40.0,49.0,43.0,40.0,103.0
20131205,23,AQI,58.0,57.0,64.0,67.0,54.0,62.0,72.0,78.0,42.0,77.0,76.0,70.0,84.0,77.0,87.0,85.0,47.0,47.0,56.0,59.0,38.0,34.0,99.0,30.0,41.0,,32.0,111.0,125.0,101.0,72.0,61.0,56.0,69.0,77.0
20131206,0,PM2.5,78.0,90.0,80.0,89.0,60.0,80.0,99.0,73.0,43.0,126.0,86.0,101.0,143.0,113.0,101.0,100.0,139.0,50.0,42.0,35.0,45.0,52.0,66.0,37.0,22.0,10.0,37.0,108.0,98.0,140.0,94.0,95.0,66.0,104.0,67.0
20131206,0,PM2.5_24h,42.0,41.0,46.0,49.0,35.0,44.0,52.0,53.0,30.0,58.0,56.0,51.0,64.0,54.0,59.0,56.0,36.0,33.0,37.0,40.0,26.0,24.0,70.0,20.0,25.0,9.0,23.0,76.0,84.0,72.0,53.0,44.0,39.0,51.0,46.0
20131206,0,PM10,95.0,103.0,99.0,146.0,88.0,107.0,,59.0,52.0,140.0,118.0,137.0,,111.0,96.0,99.0,158.0,50.0,58.0,11.0,37.0,48.0,42.0,47.0,25.0,10.0,45.0,100.0,90.0,,77.0,104.0,66.0,84.0,88.0
20131206,0,PM10_24h,53.0,60.0,68.0,75.0,53.0,64.0,,55.0,35.0,79.0,79.0,68.0,,63.0,65.0,68.0,41.0,34.0,60.0,33.0,33.0,33.0,58.0,28.0,38.0,12.0,31.0,78.0,75.0,,41.0,50.0,42.0,42.0,99.0
20131206,0,AQI,59.0,58.0,64.0,67.0,52.0,61.0,71.0,72.0,42.0,78.0,77.0,70.0,86.0,74.0,80.0,76.0,52.0,46.0,55.0,56.0,37.0,34.0,93.0,29.0,38.0,12.0,32.0,101.0,111.0,96.0,73.0,62.0,55.0,70.0,75.0
20131206,1,PM2.5,93.0,93.0,97.0,111.0,69.0,84.0,112.0,69.0,56.0,151.0,106.0,80.0,147.0,124.0,111.0,99.0,121.0,59.0,35.0,26.0,36.0,45.0,68.0,56.0,27.0,,54.0,82.0,,152.0,89.0,105.0,78.0,126.0,73.0
20131206,1,PM2.5_24h,42.0,41.0,48.0,50.0,36.0,43.0,53.0,49.0,30.0,61.0,57.0,50.0,67.0,54.0,55.0,52.0,39.0,32.0,36.0,39.0,25.0,24.0,65.0,20.0,23.0,,22.0,67.0,,72.0,54.0,45.0,40.0,53.0,43.0
20131206,1,PM10,94.0,99.0,104.0,147.0,92.0,103.0,,65.0,60.0,158.0,129.0,119.0,,108.0,98.0,101.0,141.0,58.0,38.0,12.0,31.0,34.0,40.0,65.0,33.0,,66.0,82.0,,,80.0,101.0,71.0,82.0,87.0
20131206,1,PM10_24h,53.0,59.0,69.0,77.0,54.0,62.0,,51.0,36.0,83.0,80.0,68.0,,62.0,60.0,65.0,44.0,33.0,58.0,32.0,32.0,33.0,53.0,27.0,36.0,,30.0,69.0,,,41.0,50.0,43.0,41.0,87.0
20131206,1,AQI,59.0,58.0,66.0,69.0,52.0,60.0,72.0,67.0,42.0,82.0,77.0,68.0,90.0,74.0,75.0,71.0,54.0,45.0,54.0,54.0,36.0,35.0,87.0,29.0,36.0,12.0,31.0,90.0,101.0,96.0,74.0,62.0,56.0,72.0,69.0
20131206,2,PM2.5,122.0,121.0,125.0,137.0,90.0,105.0,125.0,63.0,60.0,167.0,81.0,55.0,148.0,134.0,117.0,99.0,132.0,36.0,26.0,24.0,38.0,49.0,59.0,42.0,31.0,12.0,57.0,94.0,130.0,155.0,122.0,131.0,103.0,149.0,92.0
20131206,2,PM2.5_24h,41.0,40.0,46.0,50.0,36.0,41.0,54.0,44.0,31.0,62.0,57.0,49.0,68.0,51.0,53.0,50.0,40.0,29.0,34.0,38.0,25.0,26.0,57.0,21.0,20.0,8.0,22.0,63.0,71.0,74.0,52.0,44.0,39.0,52.0,41.0
20131206,2,PM10,119.0,118.0,130.0,166.0,108.0,119.0,,54.0,69.0,166.0,101.0,80.0,,112.0,102.0,102.0,142.0,36.0,29.0,16.0,25.0,44.0,50.0,48.0,33.0,7.0,68.0,97.0,118.0,,107.0,118.0,99.0,96.0,100.0
20131206,2,PM10_24h,50.0,56.0,66.0,74.0,54.0,57.0,,46.0,36.0,82.0,80.0,67.0,,56.0,57.0,63.0,45.0,30.0,56.0,30.0,31.0,33.0,48.0,28.0,33.0,11.0,29.0,65.0,65.0,,39.0,48.0,40.0,38.0,80.0
20131206,2,AQI,57.0,57.0,64.0,68.0,52.0,57.0,73.0,61.0,43.0,83.0,78.0,67.0,92.0,70.0,73.0,69.0,56.0,42.0,53.0,53.0,36.0,37.0,78.0,29.0,33.0,11.0,31.0,84.0,95.0,99.0,71.0,61.0,55.0,71.0,65.0
20131206,3,PM2.5,135.0,135.0,129.0,149.0,112.0,126.0,124.0,73.0,53.0,181.0,66.0,48.0,162.0,149.0,135.0,113.0,96.0,82.0,40.0,30.0,30.0,38.0,64.0,33.0,37.0,,65.0,102.0,120.0,156.0,167.0,152.0,107.0,162.0,109.0
20131206,3,PM2.5_24h,41.0,41.0,46.0,51.0,36.0,40.0,54.0,41.0,29.0,63.0,56.0,47.0,68.0,52.0,54.0,50.0,42.0,30.0,33.0,35.0,25.0,27.0,51.0,21.0,19.0,,22.0,61.0,67.0,75.0,53.0,45.0,38.0,53.0,40.0
20131206,3,PM10,129.0,130.0,136.0,177.0,164.0,136.0,,98.0,55.0,174.0,82.0,61.0,,124.0,114.0,113.0,99.0,85.0,46.0,15.0,24.0,31.0,54.0,47.0,42.0,,71.0,98.0,103.0,,118.0,138.0,109.0,111.0,116.0
20131206,3,PM10_24h,49.0,55.0,65.0,76.0,54.0,55.0,,45.0,35.0,82.0,78.0,66.0,,56.0,56.0,62.0,47.0,31.0,55.0,28.0,31.0,34.0,44.0,28.0,32.0,,29.0,63.0,61.0,,39.0,49.0,39.0,40.0,70.0
20131206,3,AQI,57.0,57.0,63.0,70.0,52.0,56.0,74.0,57.0,42.0,85.0,76.0,65.0,91.0,71.0,74.0,69.0,59.0,42.0,53.0,50.0,36.0,38.0,70.0,30.0,32.0,,31.0,83.0,89.0,100.0,72.0,63.0,54.0,72.0,60.0
20131206,4,PM2.5,141.0,146.0,135.0,163.0,121.0,131.0,116.0,71.0,49.0,189.0,66.0,43.0,169.0,144.0,136.0,122.0,81.0,51.0,26.0,30.0,28.0,26.0,64.0,32.0,41.0,14.0,73.0,91.0,99.0,167.0,178.0,164.0,117.0,172.0,128.0
20131206,4,PM2.5_24h,43.0,43.0,47.0,54.0,38.0,41.0,55.0,39.0,28.0,65.0,54.0,45.0,69.0,53.0,55.0,52.0,45.0,29.0,32.0,34.0,26.0,28.0,46.0,22.0,19.0,9.0,23.0,61.0,63.0,76.0,55.0,48.0,39.0,56.0,40.0
20131206,4,PM10,134.0,134.0,142.0,180.0,158.0,142.0,,63.0,49.0,206.0,80.0,48.0,,119.0,116.0,118.0,92.0,39.0,36.0,14.0,27.0,27.0,35.0,44.0,48.0,14.0,77.0,81.0,89.0,,118.0,142.0,114.0,110.0,210.0
20131206,4,PM10_24h,51.0,56.0,66.0,80.0,56.0,55.0,,43.0,33.0,85.0,77.0,64.0,,56.0,56.0,63.0,51.0,30.0,52.0,27.0,31.0,35.0,40.0,30.0,31.0,11.0,30.0,63.0,59.0,,41.0,51.0,40.0,42.0,69.0
20131206,4,AQI,60.0,60.0,64.0,73.0,53.0,58.0,75.0,54.0,39.0,87.0,74.0,62.0,93.0,73.0,74.0,71.0,62.0,41.0,51.0,48.0,36.0,39.0,63.0,31.0,31.0,13.0,33.0,82.0,85.0,102.0,75.0,66.0,55.0,76.0,60.0
20131206,5,PM2.5,155.0,152.0,143.0,164.0,116.0,143.0,108.0,86.0,51.0,204.0,55.0,31.0,173.0,150.0,142.0,131.0,70.0,34.0,39.0,22.0,31.0,36.0,60.0,37.0,38.0,,88.0,89.0,99.0,177.0,181.0,163.0,124.0,181.0,181.0
20131206,5,PM2.5_24h,48.0,49.0,51.0,59.0,41.0,46.0,55.0,39.0,27.0,70.0,53.0,43.0,73.0,57.0,58.0,55.0,47.0,30.0,31.0,32.0,27.0,29.0,42.0,23.0,19.0,,25.0,61.0,63.0,79.0,60.0,53.0,43.0,61.0,47.0
20131206,5,PM10,140.0,137.0,142.0,185.0,152.0,149.0,,57.0,50.0,265.0,63.0,39.0,,125.0,122.0,118.0,83.0,35.0,47.0,18.0,26.0,46.0,32.0,52.0,50.0,,89.0,72.0,82.0,,126.0,140.0,113.0,122.0,327.0
20131206,5,PM10_24h,56.0,61.0,70.0,87.0,61.0,61.0,,44.0,34.0,91.0,76.0,63.0,,59.0,58.0,66.0,54.0,31.0,51.0,27.0,30.0,36.0,37.0,32.0,31.0,,32.0,62.0,59.0,,45.0,56.0,44.0,47.0,80.0
20131206,5,AQI,66.0,67.0,70.0,80.0,57.0,63.0,75.0,55.0,39.0,94.0,72.0,60.0,97.0,77.0,79.0,75.0,65.0,42.0,51.0,46.0,38.0,41.0,58.0,33.0,31.0,13.0,36.0,82.0,85.0,105.0,82.0,73.0,60.0,82.0,65.0
20131206,6,PM2.5,156.0,150.0,120.0,175.0,115.0,166.0,113.0,72.0,48.0,195.0,57.0,37.0,167.0,156.0,150.0,141.0,66.0,38.0,49.0,31.0,27.0,35.0,49.0,34.0,45.0,,98.0,88.0,89.0,183.0,187.0,170.0,80.0,223.0,185.0
20131206,6,PM2.5_24h,54.0,54.0,54.0,66.0,44.0,52.0,58.0,41.0,28.0,76.0,52.0,43.0,78.0,62.0,63.0,61.0,50.0,31.0,31.0,33.0,28.0,30.0,40.0,25.0,21.0,,28.0,62.0,63.0,83.0,67.0,60.0,45.0,69.0,53.0
20131206,6,PM10,146.0,135.0,123.0,199.0,148.0,202.0,,61.0,49.0,199.0,65.0,54.0,,130.0,127.0,132.0,86.0,47.0,70.0,27.0,25.0,38.0,28.0,60.0,43.0,,100.0,75.0,79.0,,127.0,145.0,42.0,150.0,291.0
20131206,6,PM10_24h,61.0,65.0,73.0,96.0,65.0,68.0,,46.0,34.0,97.0,75.0,63.0,,63.0,62.0,70.0,57.0,33.0,51.0,28.0,31.0,37.0,35.0,34.0,31.0,,34.0,63.0,59.0,,50.0,61.0,45.0,53.0,89.0
20131206,6,AQI,73.0,73.0,73.0,89.0,61.0,71.0,78.0,57.0,40.0,101.0,72.0,60.0,104.0,83.0,85.0,82.0,69.0,44.0,51.0,47.0,39.0,43.0,56.0,35.0,31.0,,40.0,83.0,84.0,110.0,90.0,81.0,63.0,93.0,73.0
20131206,7,PM2.5,152.0,155.0,102.0,188.0,95.0,163.0,111.0,75.0,51.0,194.0,66.0,49.0,192.0,166.0,152.0,166.0,62.0,55.0,45.0,36.0,37.0,34.0,51.0,34.0,39.0,15.0,108.0,112.0,103.0,180.0,169.0,179.0,83.0,198.0,164.0
20131206,7,PM2.5_24h,59.0,59.0,57.0,74.0,47.0,58.0,61.0,43.0,30.0,83.0,53.0,44.0,84.0,67.0,69.0,67.0,52.0,33.0,32.0,33.0,29.0,31.0,40.0,26.0,22.0,10.0,31.0,64.0,63.0,89.0,73.0,66.0,48.0,76.0,59.0
20131206,7,PM10,150.0,143.0,123.0,226.0,121.0,210.0,,61.0,59.0,209.0,81.0,66.0,,142.0,136.0,151.0,78.0,64.0,52.0,89.0,45.0,45.0,31.0,61.0,52.0,17.0,103.0,101.0,84.0,,137.0,161.0,93.0,162.0,260.0
20131206,7,PM10_24h,67.0,70.0,76.0,106.0,70.0,76.0,,48.0,36.0,105.0,76.0,65.0,,68.0,67.0,75.0,60.0,35.0,52.0,31.0,32.0,39.0,34.0,36.0,32.0,12.0,37.0,64.0,59.0,,55.0,67.0,48.0,59.0,95.0
20131206,7,AQI,80.0,80.0,78.0,98.0,65.0,79.0,82.0,60.0,43.0,109.0,73.0,61.0,111.0,90.0,92.0,90.0,72.0,47.0,51.0,47.0,41.0,45.0,56.0,37.0,32.0,16.0,45.0,86.0,85.0,117.0,97.0,89.0,66.0,102.0,79.0
20131206,8,PM2.5,135.0,166.0,100.0,191.0,75.0,161.0,128.0,85.0,56.0,198.0,86.0,66.0,185.0,174.0,163.0,229.0,65.0,64.0,59.0,109.0,48.0,38.0,46.0,38.0,55.0,23.0,110.0,113.0,105.0,189.0,183.0,179.0,101.0,191.0,141.0
20131206,8,PM2.5_24h,64.0,66.0,61.0,82.0,50.0,64.0,66.0,46.0,32.0,90.0,55.0,46.0,90.0,74.0,75.0,76.0,55.0,35.0,33.0,37.0,31.0,33.0,39.0,27.0,23.0,11.0,35.0,67.0,65.0,94.0,80.0,73.0,51.0,84.0,64.0
20131206,8,PM10,131.0,163.0,134.0,241.0,87.0,199.0,,77.0,57.0,226.0,101.0,98.0,,162.0,143.0,238.0,88.0,92.0,91.0,135.0,55.0,52.0,39.0,67.0,67.0,31.0,109.0,108.0,92.0,,149.0,167.0,113.0,158.0,230.0
20131206,8,PM10_24h,71.0,75.0,80.0,117.0,73.0,83.0,,51.0,37.0,113.0,78.0,68.0,,73.0,72.0,84.0,63.0,39.0,53.0,36.0,33.0,40.0,34.0,39.0,34.0,13.0,41.0,67.0,61.0,,61.0,74.0,53.0,65.0,103.0
20131206,8,AQI,87.0,88.0,82.0,109.0,69.0,86.0,88.0,63.0,45.0,119.0,75.0,64.0,119.0,99.0,100.0,101.0,75.0,50.0,52.0,52.0,44.0,47.0,55.0,39.0,34.0,19.0,50.0,89.0,87.0,124.0,106.0,98.0,70.0,111.0,86.0
20131206,9,PM2.5,99.0,164.0,97.0,182.0,68.0,129.0,119.0,87.0,57.0,188.0,94.0,85.0,135.0,189.0,179.0,199.0,59.0,70.0,40.0,109.0,45.0,52.0,59.0,48.0,63.0,,105.0,121.0,112.0,216.0,142.0,174.0,78.0,202.0,134.0
20131206,9,PM2.5_24h,68.0,72.0,64.0,90.0,53.0,68.0,70.0,48.0,33.0,98.0,56.0,49.0,95.0,81.0,82.0,84.0,57.0,38.0,33.0,41.0,32.0,35.0,40.0,29.0,25.0,,39.0,71.0,67.0,101.0,85.0,80.0,54.0,91.0,69.0
20131206,9,PM10,114.0,183.0,132.0,244.0,98.0,162.0,,80.0,60.0,221.0,102.0,98.0,,176.0,165.0,220.0,74.0,91.0,70.0,170.0,64.0,64.0,59.0,77.0,83.0,,107.0,113.0,105.0,,103.0,169.0,82.0,170.0,226.0
20131206,9,PM10_24h,75.0,82.0,83.0,129.0,76.0,88.0,,53.0,38.0,120.0,78.0,71.0,,79.0,78.0,92.0,66.0,42.0,54.0,42.0,35.0,42.0,35.0,41.0,36.0,,44.0,70.0,63.0,,65.0,80.0,56.0,72.0,111.0
20131206,9,AQI,91.0,96.0,87.0,118.0,72.0,91.0,94.0,66.0,47.0,128.0,76.0,67.0,125.0,108.0,108.0,111.0,77.0,53.0,52.0,58.0,46.0,49.0,56.0,41.0,36.0,17.0,55.0,95.0,90.0,133.0,113.0,106.0,74.0,120.0,92.0
20131206,10,PM2.5,90.0,159.0,90.0,124.0,85.0,131.0,95.0,100.0,69.0,147.0,100.0,83.0,139.0,199.0,220.0,297.0,86.0,78.0,40.0,152.0,67.0,51.0,99.0,64.0,67.0,42.0,109.0,150.0,131.0,223.0,120.0,145.0,73.0,191.0,146.0
20131206,10,PM2.5_24h,71.0,78.0,68.0,95.0,56.0,73.0,73.0,51.0,35.0,103.0,59.0,52.0,100.0,89.0,90.0,95.0,60.0,41.0,34.0,47.0,35.0,37.0,43.0,32.0,28.0,14.0,43.0,76.0,71.0,109.0,89.0,85.0,57.0,99.0,74.0
20131206,10,PM10,104.0,189.0,113.0,168.0,127.0,201.0,,72.0,69.0,211.0,114.0,97.0,,190.0,202.0,325.0,92.0,86.0,80.0,131.0,88.0,58.0,90.0,89.0,78.0,60.0,104.0,145.0,114.0,,97.0,155.0,77.0,156.0,250.0
20131206,10,PM10_24h,79.0,88.0,85.0,136.0,81.0,96.0,,55.0,40.0,127.0,80.0,74.0,,85.0,84.0,103.0,69.0,45.0,56.0,45.0,37.0,44.0,37.0,45.0,38.0,16.0,47.0,75.0,67.0,,68.0,86.0,58.0,78.0,120.0
20131206,10,AQI,95.0,104.0,91.0,125.0,76.0,97.0,98.0,70.0,50.0,135.0,80.0,71.0,132.0,118.0,119.0,125.0,81.0,57.0,53.0,65.0,49.0,52.0,59.0,45.0,39.0,20.0,60.0,102.0,95.0,143.0,118.0,113.0,77.0,130.0,99.0
20131206,11,PM2.5,108.0,125.0,94.0,114.0,114.0,125.0,106.0,141.0,104.0,146.0,,85.0,149.0,250.0,230.0,285.0,85.0,111.0,60.0,153.0,,44.0,119.0,72.0,68.0,,143.0,172.0,198.0,258.0,105.0,134.0,84.0,156.0,126.0
20131206,11,PM2.5_24h,75.0,83.0,71.0,100.0,60.0,78.0,77.0,57.0,39.0,109.0,61.0,55.0,106.0,99.0,99.0,107.0,63.0,45.0,36.0,49.0,,38.0,46.0,34.0,30.0,,49.0,83.0,79.0,119.0,93.0,91.0,60.0,105.0,79.0
20131206,11,PM10,114.0,144.0,111.0,125.0,140.0,167.0,,129.0,116.0,190.0,,97.0,,243.0,223.0,329.0,90.0,121.0,98.0,149.0,,55.0,98.0,104.0,75.0,,140.0,157.0,178.0,,88.0,142.0,93.0,117.0,194.0
20131206,11,PM10_24h,83.0,91.0,88.0,142.0,86.0,102.0,,60.0,44.0,133.0,82.0,77.0,,94.0,93.0,114.0,73.0,49.0,59.0,50.0,,46.0,40.0,48.0,39.0,,53.0,80.0,73.0,,72.0,91.0,61.0,83.0,126.0
20131206,11,AQI,100.0,110.0,95.0,131.0,81.0,103.0,102.0,77.0,55.0,143.0,83.0,75.0,139.0,130.0,130.0,139.0,85.0,62.0,55.0,67.0,,54.0,64.0,48.0,42.0,,67.0,110.0,104.0,155.0,123.0,119.0,81.0,137.0,104.0
20131206,12,PM2.5,115.0,118.0,98.0,105.0,114.0,122.0,110.0,156.0,115.0,156.0,,90.0,198.0,293.0,222.0,276.0,94.0,120.0,90.0,211.0,,50.0,83.0,104.0,49.0,,169.0,181.0,179.0,284.0,108.0,125.0,91.0,168.0,142.0
20131206,12,PM2.5_24h,80.0,88.0,75.0,100.0,64.0,83.0,81.0,63.0,44.0,116.0,63.0,58.0,114.0,111.0,108.0,117.0,67.0,49.0,39.0,58.0,,40.0,48.0,38.0,32.0,,56.0,90.0,85.0,130.0,98.0,95.0,63.0,112.0,84.0
20131206,12,PM10,108.0,136.0,110.0,126.0,129.0,179.0,,136.0,129.0,181.0,,106.0,,308.0,209.0,315.0,93.0,131.0,128.0,146.0,,54.0,69.0,161.0,55.0,,162.0,160.0,167.0,,87.0,134.0,91.0,158.0,187.0
20131206,12,PM10_24h,86.0,96.0,91.0,141.0,91.0,109.0,,66.0,49.0,140.0,84.0,81.0,,106.0,100.0,126.0,76.0,54.0,63.0,56.0,,48.0,41.0,54.0,40.0,,59.0,86.0,80.0,,75.0,96.0,65.0,89.0,134.0
20131206,12,AQI,106.0,116.0,99.0,132.0,87.0,109.0,107.0,85.0,61.0,151.0,85.0,79.0,149.0,145.0,141.0,153.0,90.0,67.0,57.0,78.0,,56.0,67.0,54.0,45.0,24.0,76.0,119.0,113.0,171.0,128.0,125.0,85.0,146.0,111.0
20131206,13,PM2.5,90.0,179.0,105.0,153.0,103.0,123.0,99.0,116.0,94.0,188.0,,97.0,233.0,216.0,219.0,264.0,114.0,117.0,98.0,216.0,,63.0,85.0,128.0,41.0,,154.0,177.0,183.0,248.0,102.0,252.0,86.0,215.0,104.0
20131206,13,PM2.5_24h,83.0,95.0,78.0,103.0,68.0,87.0,84.0,67.0,47.0,123.0,66.0,62.0,124.0,120.0,116.0,128.0,72.0,54.0,42.0,66.0,38.0,42.0,51.0,43.0,33.0,,62.0,97.0,93.0,140.0,101.0,106.0,66.0,120.0,88.0
20131206,13,PM10,79.0,217.0,103.0,201.0,110.0,151.0,,129.0,94.0,219.0,149.0,107.0,,210.0,186.0,282.0,111.0,118.0,131.0,125.0,,64.0,69.0,177.0,50.0,,144.0,151.0,175.0,,85.0,262.0,76.0,202.0,124.0
20131206,13,PM10_24h,89.0,105.0,94.0,144.0,95.0,115.0,,71.0,53.0,148.0,90.0,85.0,,114.0,108.0,137.0,81.0,59.0,68.0,61.0,40.0,50.0,42.0,61.0,41.0,,65.0,91.0,87.0,,78.0,107.0,68.0,97.0,138.0
20131206,13,AQI,110.0,125.0,104.0,134.0,91.0,115.0,111.0,90.0,65.0,162.0,88.0,83.0,163.0,156.0,152.0,168.0,96.0,73.0,59.0,89.0,54.0,59.0,70.0,60.0,46.0,27.0,84.0,128.0,122.0,185.0,132.0,138.0,89.0,157.0,117.0
20131206,14,PM2.5,112.0,248.0,113.0,220.0,79.0,91.0,119.0,123.0,89.0,,163.0,108.0,258.0,207.0,187.0,182.0,126.0,117.0,97.0,207.0,,68.0,64.0,129.0,41.0,54.0,124.0,158.0,186.0,248.0,102.0,252.0,86.0,215.0,104.0
20131206,14,PM2.5_24h,88.0,105.0,82.0,111.0,71.0,91.0,89.0,72.0,51.0,128.0,73.0,66.0,135.0,128.0,123.0,135.0,77.0,58.0,46.0,74.0,40.0,45.0,53.0,48.0,33.0,21.0,67.0,103.0,100.0,140.0,101.0,106.0,66.0,120.0,88.0
20131206,14,PM10,115.0,275.0,120.0,294.0,78.0,93.0,,128.0,87.0,318.0,272.0,117.0,,191.0,149.0,165.0,129.0,123.0,125.0,100.0,,65.0,48.0,169.0,53.0,61.0,109.0,133.0,175.0,,85.0,262.0,76.0,202.0,124.0
20131206,14,PM10_24h,94.0,116.0,98.0,150.0,98.0,119.0,,76.0,56.0,161.0,102.0,89.0,,122.0,113.0,143.0,86.0,63.0,73.0,64.0,42.0,53.0,42.0,67.0,41.0,26.0,69.0,96.0,87.0,,78.0,107.0,68.0,97.0,138.0
20131206,14,AQI,116.0,137.0,109.0,145.0,95.0,120.0,117.0,96.0,69.0,169.0,97.0,88.0,179.0,168.0,162.0,178.0,102.0,79.0,64.0,99.0,56.0,62.0,73.0,66.0,48.0,30.0,90.0,135.0,132.0,198.0,139.0,151.0,93.0,171.0,121.0
20131206,15,PM2.5,237.0,275.0,196.0,245.0,104.0,188.0,171.0,104.0,90.0,,161.0,156.0,209.0,164.0,165.0,224.0,119.0,118.0,99.0,166.0,21.0,71.0,34.0,124.0,39.0,52.0,112.0,136.0,183.0,204.0,244.0,281.0,131.0,259.0,145.0
20131206,15,PM2.5_24h,97.0,116.0,90.0,121.0,75.0,98.0,95.0,76.0,54.0,134.0,80.0,72.0,144.0,134.0,130.0,144.0,81.0,62.0,50.0,81.0,40.0,48.0,54.0,52.0,35.0,23.0,71.0,109.0,108.0,157.0,116.0,127.0,75.0,140.0,97.0
20131206,15,PM10,253.0,295.0,221.0,327.0,135.0,262.0,,94.0,97.0,253.0,169.0,164.0,,145.0,141.0,211.0,111.0,130.0,128.0,98.0,41.0,71.0,27.0,164.0,50.0,65.0,108.0,111.0,167.0,,233.0,268.0,152.0,186.0,183.0
20131206,15,PM10_24h,104.0,127.0,106.0,164.0,103.0,129.0,,80.0,60.0,171.0,109.0,96.0,,127.0,118.0,152.0,90.0,68.0,78.0,68.0,43.0,55.0,42.0,74.0,42.0,28.0,73.0,101.0,100.0,,95.0,127.0,77.0,112.0,148.0
20131206,15,AQI,128.0,151.0,118.0,158.0,100.0,129.0,125.0,101.0,74.0,177.0,106.0,96.0,192.0,178.0,171.0,191.0,108.0,84.0,69.0,107.0,56.0,66.0,73.0,72.0,49.0,32.0,95.0,142.0,141.0,207.0,151.0,167.0,99.0,186.0,128.0
20131206,16,PM2.5,242.0,206.0,217.0,205.0,217.0,240.0,218.0,102.0,118.0,,158.0,92.0,216.0,105.0,177.0,190.0,110.0,111.0,88.0,129.0,99.0,76.0,39.0,113.0,47.0,,109.0,137.0,191.0,241.0,272.0,212.0,213.0,221.0,219.0
20131206,16,PM2.5_24h,107.0,124.0,98.0,129.0,83.0,108.0,104.0,80.0,59.0,140.0,87.0,75.0,153.0,138.0,137.0,151.0,85.0,67.0,54.0,86.0,45.0,51.0,55.0,57.0,36.0,,76.0,114.0,115.0,166.0,126.0,136.0,83.0,149.0,106.0
20131206,16,PM10,249.0,212.0,236.0,270.0,277.0,287.0,,109.0,125.0,138.0,168.0,95.0,,87.0,145.0,171.0,114.0,130.0,120.0,129.0,65.0,90.0,40.0,165.0,58.0,,116.0,120.0,164.0,,202.0,193.0,242.0,150.0,256.0
20131206,16,PM10_24h,114.0,135.0,115.0,174.0,114.0,140.0,,84.0,65.0,176.0,115.0,99.0,,130.0,124.0,158.0,94.0,73.0,83.0,73.0,45.0,59.0,43.0,80.0,44.0,,77.0,105.0,105.0,,103.0,134.0,87.0,118.0,158.0
20131206,16,AQI,140.0,163.0,129.0,170.0,110.0,141.0,136.0,106.0,80.0,186.0,115.0,100.0,203.0,183.0,181.0,201.0,113.0,89.0,73.0,114.0,62.0,69.0,75.0,77.0,51.0,,101.0,149.0,150.0,216.0,166.0,179.0,110.0,198.0,139.0
20131206,17,PM2.5,189.0,137.0,114.0,114.0,198.0,203.0,114.0,124.0,76.0,,215.0,104.0,226.0,197.0,142.0,184.0,158.0,139.0,86.0,,109.0,95.0,53.0,116.0,50.0,,124.0,157.0,198.0,368.0,166.0,122.0,127.0,129.0,184.0
20131206,17,PM2.5_24h,114.0,129.0,102.0,133.0,91.0,116.0,108.0,85.0,62.0,147.0,96.0,79.0,162.0,145.0,142.0,158.0,91.0,72.0,56.0,,49.0,54.0,57.0,61.0,38.0,,80.0,120.0,123.0,180.0,133.0,140.0,88.0,153.0,113.0
20131206,17,PM10,160.0,125.0,107.0,134.0,235.0,223.0,,144.0,82.0,111.0,237.0,120.0,,182.0,120.0,182.0,179.0,150.0,121.0,,104.0,109.0,57.0,156.0,63.0,,134.0,134.0,178.0,,95.0,92.0,103.0,75.0,210.0
20131206,17,PM10_24h,120.0,139.0,118.0,180.0,123.0,148.0,,90.0,68.0,180.0,124.0,102.0,,137.0,128.0,164.0,101.0,78.0,86.0,,49.0,63.0,45.0,85.0,45.0,,82.0,110.0,112.0,,107.0,138.0,91.0,120.0,166.0
20131206,17,AQI,149.0,170.0,134.0,176.0,120.0,151.0,141.0,113.0,83.0,195.0,127.0,105.0,212.0,193.0,188.0,208.0,120.0,96.0,77.0,123.0,68.0,74.0,77.0,82.0,53.0,39.0,106.0,157.0,161.0,230.0,175.0,186.0,116.0,203.0,148.0
20131206,18,PM2.5,107.0,117.0,97.0,140.0,124.0,113.0,118.0,115.0,82.0,198.0,215.0,193.0,252.0,253.0,215.0,180.0,201.0,151.0,167.0,245.0,123.0,122.0,71.0,,45.0,,179.0,193.0,272.0,395.0,139.0,116.0,89.0,148.0,123.0
20131206,18,PM2.5_24h,118.0,133.0,106.0,138.0,95.0,120.0,112.0,89.0,65.0,155.0,105.0,86.0,171.0,155.0,149.0,163.0,99.0,77.0,62.0,103.0,54.0,59.0,59.0,,39.0,,87.0,127.0,134.0,195.0,137.0,144.0,91.0,158.0,117.0
20131206,18,PM10,93.0,108.0,98.0,186.0,170.0,113.0,,145.0,82.0,212.0,217.0,202.0,,229.0,193.0,173.0,235.0,164.0,218.0,214.0,137.0,184.0,70.0,,60.0,,181.0,181.0,233.0,,85.0,106.0,74.0,120.0,127.0
20131206,18,PM10_24h,122.0,142.0,121.0,185.0,126.0,152.0,,93.0,70.0,185.0,131.0,108.0,,144.0,134.0,169.0,110.0,84.0,91.0,87.0,54.0,69.0,47.0,,47.0,,90.0,115.0,121.0,,109.0,140.0,93.0,123.0,167.0
20131206,18,AQI,154.0,176.0,138.0,183.0,125.0,157.0,146.0,117.0,87.0,205.0,137.0,113.0,221.0,205.0,199.0,213.0,130.0,103.0,84.0,135.0,74.0,80.0,80.0,,55.0,,115.0,167.0,177.0,245.0,181.0,191.0,120.0,208.0,153.0
20131206,19,PM2.5,124.0,133.0,151.0,194.0,112.0,118.0,195.0,161.0,106.0,243.0,210.0,200.0,287.0,296.0,286.0,216.0,220.0,153.0,190.0,297.0,176.0,153.0,97.0,,49.0,,169.0,227.0,281.0,417.0,141.0,171.0,119.0,170.0,111.0
20131206,19,PM2.5_24h,122.0,138.0,111.0,144.0,99.0,124.0,118.0,93.0,68.0,165.0,112.0,91.0,181.0,165.0,160.0,169.0,107.0,83.0,68.0,115.0,59.0,62.0,62.0,,40.0,,94.0,134.0,144.0,208.0,141.0,150.0,95.0,163.0,119.0
20131206,19,PM10,119.0,123.0,156.0,239.0,154.0,122.0,,160.0,96.0,261.0,207.0,177.0,,265.0,263.0,196.0,231.0,160.0,246.0,183.0,187.0,239.0,85.0,,60.0,,165.0,193.0,235.0,,137.0,154.0,120.0,149.0,127.0
20131206,19,PM10_24h,125.0,146.0,125.0,190.0,129.0,154.0,,96.0,73.0,192.0,135.0,111.0,,152.0,143.0,172.0,117.0,90.0,96.0,93.0,59.0,73.0,50.0,,49.0,,96.0,120.0,129.0,,113.0,144.0,96.0,127.0,167.0
20131206,19,AQI,160.0,183.0,145.0,192.0,129.0,162.0,154.0,122.0,92.0,215.0,146.0,120.0,231.0,215.0,210.0,219.0,139.0,109.0,91.0,149.0,80.0,84.0,84.0,,56.0,47.0,124.0,177.0,192.0,258.0,187.0,199.0,124.0,213.0,156.0
20131206,20,PM2.5,153.0,157.0,181.0,187.0,152.0,127.0,204.0,143.0,102.0,282.0,237.0,209.0,321.0,319.0,278.0,304.0,227.0,151.0,164.0,263.0,156.0,191.0,111.0,3.0,89.0,,167.0,300.0,252.0,444.0,181.0,182.0,152.0,197.0,114.0
20131206,20,PM2.5_24h,127.0,143.0,116.0,150.0,103.0,127.0,124.0,97.0,71.0,175.0,119.0,96.0,187.0,176.0,168.0,179.0,114.0,86.0,72.0,124.0,64.0,66.0,66.0,65.0,43.0,,101.0,140.0,152.0,223.0,146.0,155.0,99.0,169.0,122.0
20131206,20,PM10,123.0,147.0,160.0,227.0,210.0,129.0,,160.0,87.0,296.0,232.0,204.0,,284.0,240.0,271.0,230.0,141.0,201.0,149.0,129.0,194.0,92.0,,102.0,,171.0,253.0,209.0,,117.0,165.0,139.0,180.0,131.0
20131206,20,PM10_24h,127.0,149.0,128.0,195.0,134.0,156.0,,100.0,74.0,200.0,140.0,114.0,,162.0,150.0,179.0,124.0,93.0,100.0,93.0,62.0,76.0,53.0,96.0,52.0,,103.0,126.0,135.0,,115.0,149.0,99.0,133.0,169.0
20131206,20,AQI,166.0,190.0,151.0,199.0,135.0,167.0,162.0,127.0,95.0,225.0,156.0,127.0,237.0,226.0,218.0,229.0,148.0,114.0,96.0,162.0,86.0,89.0,88.0,88.0,60.0,49.0,132.0,186.0,202.0,273.0,194.0,205.0,130.0,219.0,160.0
20131206,21,PM2.5,136.0,178.0,188.0,217.0,188.0,134.0,176.0,162.0,114.0,282.0,248.0,225.0,383.0,303.0,277.0,335.0,249.0,131.0,118.0,234.0,135.0,150.0,106.0,93.0,70.0,,160.0,319.0,240.0,433.0,177.0,245.0,147.0,244.0,217.0
20131206,21,PM2.5_24h,130.0,148.0,121.0,156.0,109.0,131.0,128.0,101.0,74.0,183.0,126.0,102.0,195.0,186.0,175.0,189.0,121.0,90.0,75.0,128.0,68.0,69.0,69.0,69.0,45.0,,107.0,148.0,157.0,236.0,150.0,163.0,103.0,176.0,129.0
20131206,21,PM10,123.0,167.0,173.0,239.0,279.0,125.0,,169.0,100.0,271.0,243.0,235.0,,259.0,241.0,307.0,239.0,126.0,165.0,157.0,117.0,160.0,89.0,161.0,77.0,,155.0,296.0,208.0,,165.0,229.0,125.0,202.0,339.0
20131206,21,PM10_24h,128.0,153.0,132.0,199.0,142.0,157.0,,103.0,76.0,206.0,145.0,117.0,,169.0,155.0,189.0,131.0,95.0,103.0,97.0,66.0,79.0,56.0,101.0,54.0,,108.0,133.0,139.0,,119.0,155.0,101.0,137.0,180.0
20131206,21,AQI,171.0,197.0,159.0,206.0,143.0,172.0,168.0,133.0,99.0,233.0,166.0,133.0,245.0,236.0,225.0,239.0,158.0,118.0,99.0,168.0,91.0,93.0,92.0,92.0,63.0,52.0,139.0,196.0,207.0,286.0,200.0,213.0,135.0,226.0,170.0
20131206,22,PM2.5,165.0,187.0,170.0,262.0,167.0,182.0,215.0,183.0,141.0,310.0,295.0,243.0,389.0,344.0,264.0,355.0,331.0,127.0,106.0,230.0,125.0,166.0,113.0,120.0,75.0,,152.0,390.0,277.0,477.0,240.0,292.0,143.0,280.0,245.0
20131206,22,PM2.5_24h,134.0,153.0,126.0,163.0,114.0,136.0,133.0,107.0,78.0,193.0,136.0,107.0,208.0,197.0,182.0,200.0,131.0,92.0,77.0,133.0,71.0,74.0,71.0,72.0,48.0,,112.0,159.0,165.0,252.0,156.0,172.0,106.0,184.0,137.0
20131206,22,PM10,150.0,179.0,153.0,305.0,194.0,219.0,,161.0,126.0,313.0,281.0,280.0,,311.0,227.0,328.0,331.0,124.0,136.0,135.0,105.0,161.0,98.0,145.0,76.0,,138.0,328.0,234.0,,203.0,269.0,130.0,226.0,388.0
20131206,22,PM10_24h,131.0,157.0,134.0,205.0,147.0,163.0,,105.0,80.0,213.0,152.0,122.0,,179.0,161.0,198.0,140.0,98.0,106.0,100.0,69.0,83.0,58.0,104.0,56.0,,112.0,142.0,145.0,,125.0,162.0,103.0,143.0,193.0
20131206,22,AQI,177.0,203.0,165.0,213.0,148.0,179.0,175.0,139.0,104.0,243.0,180.0,140.0,258.0,247.0,232.0,250.0,173.0,122.0,103.0,176.0,95.0,98.0,95.0,96.0,66.0,54.0,146.0,209.0,215.0,302.0,206.0,222.0,139.0,234.0,182.0
20131206,23,PM2.5,232.0,223.0,182.0,284.0,204.0,254.0,213.0,191.0,137.0,371.0,276.0,234.0,406.0,357.0,236.0,381.0,321.0,130.0,102.0,210.0,127.0,167.0,117.0,125.0,65.0,,153.0,380.0,260.0,465.0,277.0,331.0,161.0,343.0,248.0
20131206,23,PM2.5_24h,140.0,159.0,130.0,171.0,120.0,143.0,138.0,111.0,82.0,206.0,145.0,113.0,220.0,208.0,188.0,211.0,139.0,95.0,79.0,140.0,75.0,78.0,74.0,74.0,50.0,,117.0,170.0,172.0,266.0,164.0,182.0,110.0,195.0,145.0
20131206,23,PM10,206.0,215.0,173.0,310.0,250.0,287.0,,164.0,115.0,393.0,253.0,260.0,,308.0,207.0,337.0,311.0,117.0,123.0,118.0,104.0,144.0,95.0,151.0,65.0,,139.0,323.0,217.0,,243.0,308.0,139.0,246.0,351.0
20131206,23,PM10_24h,135.0,162.0,137.0,211.0,154.0,170.0,,107.0,82.0,222.0,158.0,128.0,,188.0,165.0,208.0,148.0,101.0,107.0,105.0,72.0,87.0,60.0,108.0,58.0,,117.0,151.0,150.0,,131.0,171.0,106.0,150.0,204.0
20131206,23,AQI,186.0,209.0,171.0,221.0,157.0,190.0,182.0,145.0,108.0,256.0,192.0,147.0,270.0,258.0,238.0,261.0,184.0,125.0,105.0,185.0,100.0,104.0,99.0,99.0,68.0,56.0,153.0,220.0,222.0,316.0,214.0,232.0,144.0,245.0,193.0
