date,hour,type,北京,天津,石家庄,唐山,秦皇岛,邯郸,保定,张家口,承德,廊坊,沧州,衡水,邢台,太原,呼和浩特,沈阳,大连,长春,哈尔滨,上海,南京,苏州,南通,连云港,徐州,扬州,无锡,常州,镇江,泰州,淮安,盐城,宿迁,杭州,宁波,温州,绍兴,湖州,嘉兴,台州,舟山,金华,衢州,丽水,合肥,福州,厦门,南昌,济南,青岛,郑州,武汉,长沙,广州,深圳,珠海,佛山,中山,江门,东莞,惠州,肇庆,南宁,海口,重庆,成都,贵阳,昆明,拉萨,西安,兰州,西宁,银川,乌鲁木齐,湘潭,株洲,包头,鄂尔多斯,营口,盘锦,泉州,莱芜,临沂,德州,聊城,滨州,淄博,枣庄,烟台,潍坊,济宁,泰安,日照,威海,东营,韶关,汕头,湛江,茂名,梅州,汕尾,阳江,清远,潮州,云浮,玉溪,菏泽,大同,长治,临汾,阳泉,赤峰,鞍山,抚顺,本溪,锦州,吉林,齐齐哈尔,牡丹江,大庆,芜湖,马鞍山,九江,洛阳,安阳,开封,焦作,平顶山,三门峡,宜昌,荆州,岳阳,常德,张家界,桂林,北海,柳州,三亚,绵阳,宜宾,攀枝花,泸州,自贡,德阳,南充,遵义,曲靖,咸阳,铜川,延安,宝鸡,渭南,金昌,嘉峪关,石嘴山,克拉玛依,库尔勒,寿光,章丘,即墨,胶南,胶州,莱西,平度,蓬莱,招远,莱州,荣成,文登,乳山,吴江,昆山,常熟,张家港,太仓,句容,江阴,宜兴,金坛,溧阳,海门,临安,富阳,义乌,诸暨,瓦房店,信阳,周口,漳州,晋城,朔州,晋中,运城,忻州,吕梁,乌海,通辽,呼伦贝尔,巴彦淖尔,乌兰察布,兴安盟,锡林郭勒盟,阿拉善盟,阜新,铁岭,四平,辽源,通化,白山,松原,白城,延边州,鸡西,鹤岗,双鸭山,伊春,佳木斯,七台河,黑河,绥化,大兴安岭地区,蚌埠,淮南,淮北,铜陵,安庆,黄山,滁州,阜阳,宿州,六安,亳州,池州,宣城,莆田,三明,南平,龙岩,宁德,景德镇,萍乡,新余,鹰潭,赣州,吉安,宜春,抚州,上饶,鹤壁,新乡,濮阳,许昌,漯河,南阳,商丘,驻马店,黄石,十堰,鄂州,荆门,孝感,黄冈,咸宁,随州,恩施州,衡阳,邵阳,益阳,郴州,永州,怀化,娄底,湘西州,梧州,防城港,钦州,贵港,玉林,百色,贺州,河池,来宾,崇左,广元,遂宁,内江,乐山,眉山,广安,达州,雅安,巴中,资阳,阿坝州,甘孜州,凉山州,六盘水,安顺,铜仁地区,毕节,黔西南州,黔东南州,黔南州,保山,昭通,丽江,临沧,楚雄州,红河州,文山州,西双版纳州,大理州,德宏州,怒江州,迪庆州,昌都地区,山南地区,日喀则地区,那曲地区,阿里地区,林芝地区,汉中,榆林,安康,商洛,白银,天水,武威,张掖,平凉,酒泉,庆阳,定西,陇南,临夏州,甘南州,海东地区,海北州,黄南州,海南州,果洛州,玉树州,海西州,吴忠,中卫,固原,吐鲁番地区,哈密地区,昌吉州,博州,阿克苏地区,喀什地区,和田地区,伊犁哈萨克州,塔城地区,阿勒泰地区,石河子,五家渠,克州,普洱,襄阳,葫芦岛,河源,揭阳,辽阳,朝阳,丹东
20180830,0,AQI,45,51,71,55,44,79,67,45,30,57,75,87,58,126,50,39,50,24,19,32,66,34,30,36,57,57,38,43,55,46,50,36,50,34,23,35,60,61,34,31,22,29,25,27,75,18,32,35,93,45,100,29,35,21,22,27,18,23,19,26,22,27,23,22,96,83,55,56,24,90,66,49,61,62,32,42,55,50,53,32,23,119,71,96,80,86,86,70,65,94,59,100,63,61,86,39,24,24,23,22,26,24,21,26,25,60,71,49,125,109,93,61,50,34,35,46,36,25,18,21,83,73,56,110,76,110,117,106,136,67,50,65,43,63,37,33,28,30,84,125,86,70,105,121,128,49,60,96,92,78,70,98,47,48,86,56,45,76,76,38,55,44,59,76,58,67,55,45,46,49,37,33,27,45,33,53,38,71,65,66,32,32,28,22,32,43,66,67,20,153,81,105,130,78,137,58,61,20,57,49,27,32,95,47,41,27,34,33,30,20,26,23,19,21,17,25,23,24,25,26,19,62,71,79,49,56,28,55,58,74,59,60,60,56,30,21,36,27,18,32,34,34,35,37,28,43,35,28,88,106,91,102,81,105,80,69,54,52,36,69,48,36,57,56,47,45,40,38,27,54,48,44,38,40,22,19,25,22,29,34,44,29,32,54,105,78,75,82,64,72,81,59,72,29,49,54,58,45,53,65,48,40,61,30,63,41,36,53,60,46,28,43,29,54,23,,,,27,68,,56,86,74,70,51,61,42,50,97,49,85,80,63,58,47,58,43,51,40,45,50,52,70,66,63,175,57,65,34,62,72,163,47,71,40,80,56,120,31,70,50,26,21,55,52,27
20180830,0,PM2.5,13,15,28,20,10,19,23,13,10,30,25,36,24,95,11,20,13,11,7,9,20,10,18,15,22,27,14,23,36,20,20,17,30,11,6,13,14,43,12,10,7,8,7,5,35,3,3,6,33,19,38,15,16,12,15,7,10,4,9,13,8,14,9,10,59,44,28,25,5,44,40,18,35,25,14,17,23,16,29,17,9,38,27,24,22,22,41,27,9,34,41,44,15,18,12,16,5,9,8,6,8,9,12,8,6,30,25,12,75,66,38,21,24,20,11,15,25,10,11,9,25,28,8,55,23,28,51,58,61,32,18,27,18,29,24,7,13,9,56,94,63,50,78,70,97,28,32,46,40,40,49,59,11,14,40,6,20,27,43,15,30,17,41,47,10,12,23,26,23,23,18,14,13,9,12,18,12,14,17,19,17,16,5,8,4,12,33,34,12,78,32,51,54,36,104,30,31,12,31,18,14,7,49,22,12,13,12,15,20,10,18,2,9,9,8,11,16,6,6,12,11,36,38,26,27,17,9,26,26,33,31,25,24,20,4,5,4,12,6,10,12,20,11,14,11,18,8,5,25,21,15,59,50,54,41,36,27,35,16,47,7,11,28,24,22,21,26,17,6,37,17,20,25,18,13,8,13,11,15,13,22,8,8,31,78,57,54,50,43,52,45,41,39,13,34,23,33,22,20,46,10,26,43,8,35,22,25,36,42,19,6,22,19,30,16,,,,18,11,,37,12,32,33,23,41,17,33,72,9,40,34,42,40,27,39,11,30,18,15,9,15,10,25,33,25,22,25,6,28,38,64,8,3,1,18,18,1,13,44,19,7,10,27,17,14
20180830,0,PM2.5_24h,8,26,37,27,14,46,29,11,8,22,34,37,33,97,9,22,15,10,12,9,12,9,16,21,29,22,11,25,20,18,25,16,28,9,7,11,17,50,11,7,6,11,11,8,24,4,8,8,45,13,49,25,18,14,17,7,14,7,13,15,11,12,17,11,47,58,23,27,10,49,38,40,34,20,13,15,15,13,15,13,6,55,28,23,35,21,45,31,15,27,31,51,19,20,22,17,8,10,5,7,6,13,15,9,10,31,52,12,68,65,49,9,23,23,21,15,15,12,17,12,18,18,16,54,52,50,52,49,50,29,25,28,26,24,22,6,25,9,45,62,63,53,70,54,76,19,27,46,42,44,46,48,9,16,30,10,24,31,52,13,21,22,18,24,14,25,22,13,13,13,12,8,11,13,11,14,14,11,13,16,15,11,8,6,7,13,34,43,11,72,18,62,42,42,74,26,18,14,24,13,14,8,50,12,22,15,18,15,14,9,22,6,10,10,11,14,16,11,8,16,9,29,33,24,23,17,7,20,34,31,32,22,25,17,5,6,5,11,6,9,13,12,14,11,15,18,8,9,46,44,41,55,48,41,40,36,29,31,18,35,27,18,23,28,24,18,19,16,9,29,21,18,24,11,17,11,16,13,16,10,24,15,10,23,62,44,56,40,74,41,42,33,41,14,30,32,24,22,13,24,13,22,23,15,19,25,21,45,38,21,13,16,16,23,23,,,,22,13,,36,31,32,37,34,35,24,19,55,13,36,35,37,50,23,56,29,27,21,18,10,12,28,36,34,23,19,17,7,15,21,78,19,6,6,17,13,8,7,42,15,9,13,18,15,17
20180830,0,PM10,40,42,63,37,29,65,63,43,29,62,45,61,64,103,39,38,26,19,7,28,44,31,29,20,55,62,37,42,58,43,41,35,49,25,18,34,67,61,24,30,21,18,18,10,67,7,9,21,91,44,76,27,34,19,21,14,16,4,14,24,12,26,15,21,96,68,58,59,17,94,80,29,70,71,31,41,57,27,53,25,15,73,36,54,53,34,67,61,24,59,48,81,28,28,24,18,15,18,15,15,12,22,15,15,14,68,67,40,100,93,66,70,49,33,34,45,33,22,17,17,51,50,34,93,65,55,91,99,105,81,49,48,30,54,36,16,24,29,100,120,100,64,114,142,124,48,67,98,77,104,88,143,23,38,120,43,24,46,81,21,44,37,56,50,11,28,53,40,45,40,28,22,26,44,30,54,35,19,31,30,31,31,12,18,6,13,57,55,17,137,110,85,83,66,115,45,69,17,38,13,19,23,81,46,40,26,16,32,29,19,21,6,16,19,14,24,21,13,24,25,18,60,65,52,48,37,21,58,58,51,66,68,43,51,11,12,13,26,15,18,33,33,18,17,25,42,19,23,61,49,50,107,80,101,108,82,56,52,35,86,13,35,62,46,46,44,39,37,26,48,46,43,37,39,21,15,24,20,22,21,43,21,16,55,153,92,78,79,75,74,61,66,91,26,46,30,64,35,53,67,47,39,61,29,73,40,19,45,65,45,27,42,28,55,19,,,,18,22,,56,31,56,48,50,69,24,49,110,25,74,107,60,52,46,43,20,50,39,26,49,24,11,77,73,297,61,78,11,71,92,273,32,31,9,107,48,187,30,87,49,16,16,57,51,24
20180830,0,PM10_24h,24,50,69,52,33,96,63,33,23,44,57,65,75,126,31,38,28,20,21,26,31,29,35,32,64,50,31,46,32,39,45,34,47,25,17,21,33,79,24,20,17,22,21,22,56,14,14,24,95,39,98,44,34,24,24,14,24,13,27,23,20,25,24,22,83,91,46,45,29,94,80,65,68,51,28,28,44,38,27,20,13,86,70,60,70,38,79,69,33,50,55,94,43,33,44,26,19,21,17,19,20,23,26,16,21,53,95,46,105,100,82,25,44,36,39,37,29,29,30,20,40,41,44,100,100,96,99,87,95,61,55,49,40,52,34,19,38,36,76,89,95,80,100,97,102,38,49,93,67,86,77,104,29,46,77,39,76,51,98,27,32,39,36,41,26,40,61,28,30,31,29,23,25,41,27,40,31,28,23,25,33,32,20,16,15,22,64,71,20,134,68,95,70,65,93,65,41,24,46,19,23,22,105,28,44,23,26,27,27,14,30,15,23,24,20,28,25,21,26,24,13,55,64,55,43,38,16,48,71,46,61,62,46,40,12,17,12,20,15,21,31,28,24,23,33,42,25,28,102,85,77,111,88,78,82,69,48,54,40,74,42,39,43,46,47,36,35,32,27,45,50,30,34,22,28,19,27,20,31,22,35,29,19,51,120,76,84,65,110,63,54,51,89,23,39,44,42,34,49,41,27,37,41,32,46,40,38,58,69,37,32,42,24,48,30,,,,31,25,,64,70,57,67,77,54,55,35,81,34,72,80,53,72,38,87,37,48,36,21,29,22,68,68,76,85,41,46,18,36,67,433,73,33,18,45,42,208,21,89,33,17,24,34,36,30
20180830,0,SO2,2,12,18,22,9,29,35,6,4,9,13,12,22,6,10,9,8,3,5,5,6,4,15,7,11,21,10,12,13,7,5,8,5,6,4,6,6,27,3,10,3,5,5,6,8,5,2,5,18,6,7,9,6,6,5,3,5,4,3,6,5,9,7,4,7,10,5,13,8,9,5,10,20,7,8,14,12,6,4,11,9,15,9,9,24,9,10,5,6,13,9,12,4,9,5,8,7,8,7,5,6,7,8,13,6,9,10,8,6,22,7,12,6,11,9,14,7,4,3,4,7,10,16,16,35,7,10,16,14,7,7,13,9,6,12,7,5,4,7,12,23,6,7,23,14,6,26,10,13,10,4,7,23,2,8,4,4,10,33,4,4,9,6,2,5,14,8,8,5,8,9,9,14,8,14,4,11,9,9,4,12,9,7,1,5,5,6,9,2,9,17,4,4,7,15,6,10,2,3,14,2,16,8,9,5,3,14,5,7,1,6,5,4,7,2,6,4,6,6,7,3,18,17,9,10,8,12,9,5,12,5,13,7,10,7,8,6,6,4,5,16,21,13,7,18,11,6,11,21,16,14,6,8,6,5,12,10,10,6,10,7,3,5,4,7,12,11,5,7,6,14,5,1,16,19,10,10,14,6,15,5,7,4,19,12,10,5,8,14,9,24,4,7,7,10,9,12,4,1,9,22,8,35,5,8,10,7,9,15,5,5,4,7,8,10,,,,3,3,,5,4,9,7,6,6,5,4,6,7,9,5,13,14,11,9,11,13,8,7,9,17,3,9,15,5,5,9,7,8,7,13,9,4,6,7,11,4,8,8,15,6,7,11,12,8
20180830,0,SO2_24h,2,10,13,19,11,18,12,6,5,3,13,10,20,9,9,12,6,3,6,4,7,4,15,9,12,13,9,12,7,7,6,8,7,6,5,5,6,22,3,5,4,8,4,5,7,5,3,10,12,7,10,6,6,6,5,2,6,4,4,5,8,9,7,4,10,11,4,13,8,10,7,9,25,8,8,11,17,10,3,10,7,15,6,12,12,10,12,7,8,12,7,10,4,7,6,10,7,8,5,6,6,7,9,8,7,9,8,12,9,34,10,7,8,12,12,11,8,4,3,6,8,10,13,19,27,14,11,16,13,8,10,10,8,6,12,7,8,4,7,10,47,13,11,15,9,6,52,11,13,10,4,8,6,6,23,4,5,12,30,4,4,9,5,5,6,11,9,6,4,7,9,8,12,7,14,4,11,9,9,7,11,5,7,5,5,4,8,9,3,14,19,6,6,17,17,13,5,5,7,16,2,17,9,8,6,3,12,4,10,2,6,5,4,7,2,6,5,8,7,8,3,18,14,10,13,7,10,10,7,12,6,12,14,9,7,9,6,6,3,9,16,5,24,7,20,14,11,12,21,19,14,9,10,5,5,12,12,10,6,12,7,3,5,4,9,12,7,5,7,5,12,6,2,9,8,11,10,13,7,10,5,11,5,25,12,15,9,9,16,10,18,4,10,8,9,11,13,10,1,10,12,16,34,5,12,18,8,13,40,9,7,5,19,9,9,,,,4,3,,8,9,9,22,24,7,7,2,7,7,8,5,15,15,11,12,11,13,10,7,9,19,7,11,14,7,6,9,7,5,9,13,11,4,5,10,14,4,7,9,14,6,7,10,11,8
20180830,0,NO2,38,32,48,31,58,29,39,20,33,33,32,18,56,30,23,48,24,18,15,15,18,25,38,17,27,53,32,40,47,28,15,12,23,16,11,36,3,47,14,18,5,17,23,8,38,14,11,14,46,25,23,44,44,40,37,8,35,3,13,51,9,46,22,20,73,39,22,50,10,45,15,22,26,30,30,42,31,14,33,37,25,34,26,13,22,15,18,17,13,12,24,11,12,12,8,22,14,21,13,25,5,27,26,15,13,30,23,10,9,16,17,36,34,35,26,43,12,4,18,6,17,13,14,20,35,14,20,19,13,31,9,15,21,21,14,10,16,9,45,38,42,28,61,38,30,55,31,27,39,60,36,51,8,10,19,3,5,8,35,13,29,23,7,13,11,13,15,8,11,16,29,15,23,23,27,49,28,14,24,22,20,21,10,16,3,10,13,12,20,24,57,15,7,20,55,14,38,19,12,10,6,34,5,39,20,12,5,9,7,8,6,11,2,5,10,7,21,16,3,13,6,38,17,13,39,12,10,55,17,21,38,12,21,24,15,13,9,22,13,3,14,16,14,17,12,10,7,7,29,26,18,19,14,14,16,14,37,17,28,19,5,7,22,9,16,28,19,14,25,24,17,26,11,28,17,12,17,10,12,13,22,11,11,36,63,41,43,46,36,45,17,24,42,10,8,13,30,10,2,30,35,34,19,10,14,12,10,25,25,31,9,29,17,20,9,,,,6,7,,15,17,13,27,5,20,11,45,73,15,14,60,12,3,15,47,17,13,10,7,17,5,8,5,46,7,39,13,9,80,31,20,12,,3,6,7,17,20,16,41,11,23,32,40,12
20180830,0,NO2_24h,22,34,28,34,28,33,32,14,20,35,33,28,33,26,23,26,14,25,31,16,18,21,21,16,27,27,22,34,21,21,17,15,21,14,10,26,12,40,15,9,7,15,15,12,32,16,16,15,42,20,41,28,21,43,32,12,34,8,16,38,18,27,25,17,47,47,18,30,16,44,31,26,21,27,20,22,32,26,13,13,18,29,30,19,18,14,34,22,14,21,29,20,20,10,12,19,13,13,11,19,8,12,27,14,15,21,30,18,17,26,18,23,26,22,24,20,18,8,21,16,16,13,15,35,33,21,24,28,18,24,16,11,12,17,13,10,15,8,32,29,33,30,47,28,24,26,18,34,25,43,27,29,6,20,21,11,13,17,41,18,16,30,11,14,11,17,13,8,8,19,20,15,24,24,27,26,24,9,17,17,11,17,17,13,6,11,18,12,20,40,29,16,8,23,35,21,16,12,14,18,5,28,9,15,16,15,19,13,13,8,8,12,10,9,9,8,18,16,6,14,6,33,20,16,24,15,10,31,19,23,38,13,26,17,12,17,7,19,12,5,13,12,11,12,11,16,9,7,36,37,23,34,18,15,22,25,28,14,21,18,6,6,12,11,15,17,12,12,18,19,10,12,11,21,13,11,14,14,14,10,17,9,10,29,37,38,34,28,31,34,16,18,28,6,12,15,21,9,2,13,23,24,15,9,14,12,13,19,18,18,14,19,13,14,8,,,,6,7,,18,26,12,20,16,15,14,6,38,18,13,25,13,13,13,46,14,9,18,8,10,8,16,18,23,14,34,22,11,19,25,17,15,9,7,15,11,5,16,27,23,13,19,20,18,13
20180830,0,O3,55,74,79,82,37,110,110,64,7,100,76,132,67,117,77,6,79,36,54,41,94,29,24,48,66,23,26,38,32,28,57,55,53,45,36,11,62,39,35,26,30,37,32,40,93,45,56,64,86,54,132,30,15,12,29,55,18,49,38,5,40,11,34,17,75,100,65,13,53,90,80,57,60,71,25,17,55,102,39,24,36,107,76,125,119,102,106,100,103,116,72,146,74,108,111,48,37,29,37,24,49,27,27,37,40,18,107,92,173,168,127,11,13,10,11,11,62,34,19,41,97,87,65,140,82,137,139,137,172,59,82,66,53,86,38,71,37,34,77,51,53,50,62,82,94,16,41,116,103,23,72,86,88,94,101,109,102,96,92,53,53,71,87,104,83,97,72,105,86,109,30,34,32,34,39,58,40,60,74,79,33,32,51,28,52,76,91,88,38,166,23,138,198,125,85,87,20,24,98,89,49,18,139,13,19,37,55,32,55,29,41,40,48,51,34,5,23,53,22,26,7,97,116,122,67,80,40,60,79,114,72,81,70,60,52,46,45,27,25,54,36,34,61,50,40,47,50,37,87,103,118,126,104,160,47,106,39,81,29,83,84,42,46,98,44,24,42,35,33,27,69,37,21,8,27,25,28,38,37,51,6,43,46,52,22,26,63,57,50,55,102,34,47,29,102,51,49,77,63,18,45,37,43,17,75,39,38,44,31,24,85,47,3,13,44,,,,53,93,,80,120,102,85,102,79,71,31,92,92,145,14,97,91,81,64,73,70,81,83,31,100,93,109,57,60,54,100,55,17,80,60,68,93,67,91,92,85,39,106,22,38,26,9,12,47
20180830,0,O3_24h,123,158,188,127,113,220,163,118,103,126,188,169,194,190,131,68,126,61,61,93,141,112,144,156,159,194,131,124,190,178,148,105,137,112,85,57,87,117,128,69,73,93,93,71,166,54,98,94,201,133,223,151,132,144,69,84,124,82,84,112,84,86,77,51,250,238,97,102,81,234,149,138,163,129,106,91,131,109,127,97,107,251,180,174,193,195,224,177,127,192,156,205,168,126,188,136,94,77,75,89,96,77,134,83,75,108,189,115,216,238,191,79,78,74,64,87,69,69,64,71,186,170,137,220,210,220,220,187,221,150,149,178,138,139,94,78,93,52,249,204,204,190,217,262,182,109,87,201,217,169,205,221,112,113,192,119,102,172,219,141,140,152,142,167,128,193,165,111,101,113,125,108,82,130,110,125,142,183,149,152,70,78,88,68,83,102,145,145,74,249,131,221,214,174,219,199,102,66,146,118,75,100,188,101,83,97,96,69,78,91,81,81,48,56,64,62,52,57,43,48,45,169,197,155,146,132,71,214,156,151,147,139,176,141,99,67,97,73,53,75,108,86,123,113,93,104,91,99,224,249,201,194,161,181,134,142,135,135,134,140,119,135,150,123,170,101,93,121,100,103,112,118,89,75,79,69,90,58,82,77,86,79,76,168,174,227,174,238,164,169,178,106,206,86,146,169,86,102,116,91,102,99,112,76,98,96,72,110,122,85,86,134,103,70,69,,,,59,139,,165,161,170,175,120,148,104,113,170,108,153,121,155,133,104,163,104,83,99,96,102,106,163,153,136,72,94,135,94,109,128,93,115,136,93,132,129,146,63,146,94,82,77,78,96,81
20180830,0,O3_8h,88,100,124,104,86,133,119,88,32,107,128,143,103,146,99,37,99,46,37,62,118,66,58,71,107,98,71,65,103,90,99,71,93,66,45,24,67,68,66,40,38,56,48,53,128,35,63,68,150,77,159,57,51,21,34,52,22,44,37,17,42,29,44,14,153,138,79,44,47,146,83,97,102,98,56,57,69,99,79,62,45,179,123,154,134,142,141,122,116,151,73,159,114,112,142,77,47,47,45,43,51,46,40,51,49,62,124,96,186,168,150,32,37,42,25,38,56,49,19,40,138,126,105,169,130,169,177,165,198,91,92,116,85,114,61,65,55,36,139,110,130,97,133,181,123,63,69,153,149,65,121,155,92,94,111,105,89,130,129,74,104,87,100,130,108,119,104,89,90,97,72,65,45,48,65,95,75,124,116,118,42,50,54,42,63,84,118,119,39,217,78,164,191,132,124,108,31,38,107,96,52,63,152,41,37,47,67,44,58,35,48,45,37,40,33,11,26,47,25,31,22,113,123,133,92,105,55,101,108,127,109,104,110,105,58,40,70,43,35,63,63,57,68,73,55,63,68,54,144,165,148,161,135,164,89,121,63,98,60,104,94,65,90,105,77,56,67,45,42,46,94,71,50,32,42,36,46,42,56,66,25,56,62,90,86,77,93,137,88,83,135,60,106,56,93,103,65,89,90,61,68,61,68,42,82,61,54,82,52,62,47,72,29,36,33,,,,52,120,,106,141,127,122,100,108,82,88,113,96,140,85,114,93,85,108,85,70,76,88,44,101,122,117,67,62,62,102,67,81,113,79,92,123,78,95,106,116,38,119,34,51,41,33,47,53
20180830,0,O3_8h_24h,112,124,166,119,104,199,152,112,95,116,161,158,172,169,119,60,117,50,43,84,129,99,111,126,147,162,111,93,148,155,135,93,126,99,67,48,77,97,110,59,59,82,80,63,147,45,84,85,187,97,201,124,97,91,54,69,77,69,70,80,65,64,67,39,214,196,92,81,63,210,109,112,140,115,90,77,117,99,117,92,92,226,159,164,176,164,199,156,120,174,118,171,123,113,167,109,83,64,57,71,78,67,81,74,63,94,165,110,195,208,173,73,68,61,45,83,57,56,50,61,146,143,118,204,199,210,203,179,212,128,135,152,129,131,84,66,85,46,209,180,171,163,195,226,141,98,79,189,201,145,188,214,93,100,155,110,92,163,182,109,125,119,111,141,120,160,142,89,92,97,110,96,64,104,99,108,128,157,130,144,62,70,75,62,76,93,139,138,64,227,122,206,200,151,190,150,86,59,124,114,71,94,164,81,66,73,83,57,66,69,66,67,37,42,50,41,39,48,34,41,37,148,166,148,114,123,62,157,145,145,136,130,148,114,75,56,90,65,47,68,91,74,90,89,82,86,81,86,209,226,194,179,146,171,124,132,117,115,125,122,115,121,126,117,122,88,87,83,81,82,107,98,79,59,69,62,74,49,73,70,71,72,67,141,156,174,135,206,141,140,157,97,179,74,133,145,78,97,111,88,99,94,101,64,90,88,67,102,94,83,58,109,47,60,51,,,,55,134,,150,155,158,160,108,125,91,108,132,104,140,113,128,112,96,134,97,80,95,90,90,102,143,133,118,68,80,121,82,98,123,91,104,132,82,123,116,132,49,135,87,73,65,65,92,66
20180830,0,CO,0.517,0.906,0.575,0.933,0.38,0.4,0.717,0.42,0.5,1.2,0.467,1.133,0.675,0.888,0.8,0.755,0.71,0.489,0.536,0.43,0.737,0.325,0.42,0.6,0.757,1.16,0.625,0.711,0.9,0.75,0.38,0.68,0.65,0.67,0.525,0.775,0.392,0.814,0.5,0.567,0.567,0.333,0.5,0.367,0.71,0.5,0.375,0.667,1.4,0.544,0.8,1.41,0.7,0.645,0.677,0.567,0.643,0.5,0.55,0.74,0.58,0.775,0.875,0.6,1.029,0.844,0.51,0.729,0.333,0.977,0.68,1.15,1.014,0.686,0.7,0.757,0.65,0.7,0.85,0.7,0.35,1.167,0.7,0.933,1.233,0.767,1.333,0.525,0.267,0.66,1,0.733,0.367,0.533,0.275,0.84,0.633,0.45,0.575,0.733,0.667,1.133,0.7,0.967,0.567,2.1,0.9,0.55,0.98,1.543,0.883,0.4,1.086,0.7,0.767,0.82,0.586,0.36,0.42,0.42,0.775,0.7,0.6,1.186,0.96,0.8,0.833,1.05,1.2,1.04,0.867,0.8,0.78,0.85,0.775,0.8,0.9,0.45,0.925,1.167,1.34,0.55,1.125,1.05,1.067,0.85,0.65,1.02,1.2,1.567,0.813,0.8,0.267,0.45,0.667,0.66,0.567,0.55,1.55,0.5,0.75,0.55,0.7,0.9,0.6,0.5,1.05,1.15,0.7,0.85,0.6,0.5,0.55,0.4,0.6,0.4,0.667,0.5,0.35,0.6,0.6,0.6,0.8,0.4,0.85,0.9,0.525,0.875,0.6,1.55,1.04,0.725,0.94,1.033,2,0.833,0.933,0.45,0.6,0.15,0.3,0.4,0.6,0.62,0.325,2.35,0.8,0.85,0.85,0.45,0.35,0.467,0.325,0.45,0.425,0.3,0.52,0.767,0.433,0.6,0.3,0.617,0.883,0.667,0.517,0.62,0.6,1.067,0.4,0.467,0.75,0.7,0.533,0.567,0.52,0.7,0.625,0.75,0.767,0.66,0.62,1.26,0.44,1.35,0.65,0.6,0.9,0.525,0.833,0.75,0.725,1.233,0.625,1.02,0.925,0.767,0.917,0.9,0.867,0.84,0.45,0.85,0.925,0.9,1.1,0.917,0.76,1.16,1.64,0.675,1.08,1.2,1.033,1.025,1.167,0.767,0.65,0.8,0.9,0.9,0.733,0.8,0.7,0.875,0.925,1.05,1,0.85,0.86,0.66,0.6,0.8,0.94,0.4,0.5,0.68,0.64,0.625,0.4,0.95,0.8,0.75,0.8,0.5,0.6,0.833,0.8,0.85,0.667,0.55,0.65,0.7,0.8,1.05,0.5,,,,0.667,0.3,,0.7,1.067,0.6,0.65,0.8,0.467,0.4,0.55,0.8,0.45,0.767,0.5,0.45,0.65,0.6,1.8,0.7,1.2,1,0.4,0.6,0.4,0.3,0.767,0.933,0.7,0.95,0.467,0.3,1.2,0.65,0.65,0.367,1,0.45,0.35,0.4,1.2,0.8,0.975,0.7,0.633,1.125,0.6,0.55,0.75
20180830,0,CO_24h,0.4,0.861,0.725,0.917,0.56,0.7,0.567,0.42,0.48,0.675,0.833,0.633,0.875,1,0.788,0.764,0.72,0.61,0.627,0.44,0.511,0.329,0.38,0.54,0.771,0.68,0.563,0.722,0.575,0.75,0.48,0.7,0.65,0.655,0.538,0.675,0.478,0.911,0.533,0.433,0.6,0.333,0.467,0.333,0.7,0.533,0.475,0.856,0.95,0.478,1.078,1,0.64,0.736,0.685,0.625,0.729,0.65,0.7,0.76,0.74,0.775,1.05,0.58,0.935,0.967,0.53,0.657,0.383,1.077,0.84,1.225,0.9,0.671,0.643,0.529,0.633,0.7,0.425,0.6,0.425,1.4,0.725,0.733,0.967,0.8,1.533,0.46,0.333,0.64,0.867,1,0.467,0.5,0.5,0.98,0.683,0.483,0.6,0.7,0.767,0.667,0.9,0.967,0.733,1.733,1.067,1.067,1.5,1.588,1.033,0.35,1.2,0.75,1.067,0.68,0.643,0.4,0.48,0.5,0.65,0.72,0.613,1.357,1.46,1.025,0.983,1.05,0.975,1.02,1.033,0.933,0.84,0.85,0.7,0.85,0.983,0.35,0.775,1.017,1.5,0.65,0.925,0.925,0.933,0.675,0.7,1.1,1.325,1.433,0.763,0.775,0.233,0.65,0.8,0.82,0.467,0.85,1.3,0.5,0.65,0.5,0.5,0.7,0.65,0.7,1.05,0.7,0.55,0.65,0.567,0.5,0.55,0.35,0.5,0.45,0.667,0.5,0.35,0.55,0.6,0.6,0.6,0.4,0.9,0.6,0.55,0.925,0.633,1.383,1,0.85,0.9,0.967,1.6,0.9,0.433,0.4,0.6,0.35,0.267,0.55,0.667,0.5,0.475,1.267,1.05,0.85,0.95,0.5,0.35,0.5,0.45,0.475,0.45,0.567,0.58,0.533,0.433,0.65,0.4,0.6,0.717,0.667,0.55,0.64,0.6,0.667,0.7,0.467,0.75,0.85,0.633,0.533,0.52,0.825,0.575,0.675,0.733,0.64,0.68,0.84,0.5,1.28,0.65,0.76,0.86,0.575,1.633,1.125,0.95,1.333,0.6,0.9,0.8,0.633,1.017,0.85,0.867,0.84,0.55,0.8,0.85,0.867,1.1,0.8,0.76,1.12,1.66,0.675,1.14,1.28,1,0.975,1.1,0.833,0.725,1,0.95,0.95,0.633,0.85,0.7,0.925,0.725,0.925,1.18,0.725,1.083,0.66,0.55,0.7,0.94,0.433,0.55,0.9,0.62,0.6,0.35,0.9,0.75,0.8,0.7,0.5,0.6,0.933,0.85,0.8,1.067,0.5,0.8,0.7,0.7,1,0.65,,,,0.933,0.25,,0.8,1.075,0.667,0.7,1.3,0.467,0.55,0.35,0.65,0.5,0.733,0.35,0.45,0.95,0.6,1.7,0.4,1.1,0.9,0.4,0.6,0.7,0.3,1.033,0.933,0.75,1,0.5,0.2,0.7,0.5,0.6,0.533,1,0.45,0.5,0.5,1,0.8,1,0.65,0.8,0.975,0.625,0.5,0.75
20180830,1,AQI,43,42,66,42,34,58,66,44,37,58,45,67,58,94,38,42,39,21,26,24,43,28,31,33,59,58,32,40,55,44,43,30,45,25,19,21,59,60,24,23,19,20,17,21,58,24,27,32,76,45,69,32,35,21,24,28,17,30,19,25,18,34,21,24,81,66,51,56,26,64,69,36,64,66,30,43,46,54,41,32,21,60,55,61,57,47,64,48,49,63,58,79,34,50,56,28,19,17,19,18,25,24,23,25,20,59,57,48,100,98,67,52,47,39,37,42,36,16,23,21,53,54,30,84,63,66,76,78,101,58,60,48,35,53,30,36,26,21,78,105,83,65,131,104,138,53,55,77,64,75,68,89,43,48,68,57,56,42,66,74,50,52,47,56,34,46,52,53,43,66,28,27,24,37,30,46,27,25,31,35,30,40,30,22,21,36,56,54,21,109,81,80,129,63,128,43,61,15,54,43,23,25,79,52,38,21,29,37,28,16,28,20,24,28,19,26,21,27,25,21,19,57,61,63,51,42,20,59,52,56,64,62,43,52,35,21,23,34,22,26,31,34,34,35,29,35,26,21,56,52,64,83,64,101,62,62,53,53,31,69,36,31,56,52,49,59,46,37,33,49,36,53,39,34,26,29,25,20,27,24,41,27,26,53,111,109,86,71,63,64,64,56,67,27,54,33,59,43,63,58,54,36,50,24,47,35,20,52,57,47,40,39,32,51,25,,,,27,46,,59,61,53,55,54,66,31,60,91,49,91,81,61,51,43,59,37,51,39,39,22,50,46,56,64,98,43,54,25,69,73,163,27,46,32,89,50,127,45,71,41,29,25,55,53,26
20180830,1,PM2.5,12,16,30,22,11,19,25,11,10,27,22,38,21,70,8,20,13,12,6,9,17,9,20,22,32,26,13,23,32,19,19,19,30,11,6,9,12,42,12,8,9,9,7,10,33,3,4,6,39,16,30,17,16,11,14,7,11,5,9,12,8,15,9,9,59,47,27,27,5,41,39,23,34,23,14,18,22,14,22,20,10,37,23,24,26,18,45,17,8,33,40,44,14,18,7,17,4,10,12,5,5,10,13,6,6,29,21,12,73,66,37,19,22,19,12,29,25,10,12,11,23,28,7,49,23,23,48,57,62,32,21,25,17,27,21,7,11,9,57,78,61,46,99,77,105,28,29,48,40,40,48,56,9,13,31,9,9,17,46,53,35,22,29,31,13,12,20,23,25,20,19,9,11,9,10,18,13,13,16,22,15,18,6,10,4,12,37,31,13,81,37,50,58,29,97,23,27,8,30,18,15,7,46,23,13,13,12,11,14,6,19,3,11,8,8,11,12,5,8,13,9,36,42,29,30,19,6,34,30,36,41,27,23,19,3,7,4,14,6,6,9,21,14,10,12,14,4,5,23,21,16,58,40,61,31,41,26,36,16,47,6,11,27,31,26,23,26,16,7,30,15,16,27,18,12,10,13,10,13,16,22,9,7,27,83,81,63,51,42,45,45,36,31,12,37,23,32,19,12,40,11,25,32,10,30,18,14,32,36,18,8,13,20,23,14,,,,15,9,,41,22,27,38,22,38,17,36,67,6,40,34,43,35,30,41,9,30,12,16,7,14,11,19,37,22,13,18,5,30,35,65,10,1,6,12,17,14,11,50,19,6,12,28,19,15
20180830,1,PM2.5_24h,7,25,36,26,14,45,28,11,8,21,33,37,32,97,9,21,15,11,11,10,12,9,16,22,29,22,12,25,21,19,24,16,28,10,7,11,17,50,11,8,6,11,10,8,25,4,8,8,44,13,48,24,19,14,16,8,14,6,13,15,11,12,17,11,48,57,23,27,10,48,38,39,34,20,13,15,16,13,16,13,7,54,28,22,34,21,45,30,15,28,31,51,18,20,21,17,8,10,5,7,6,13,16,9,10,30,51,12,68,65,49,10,23,23,20,15,15,12,16,11,18,19,15,54,50,49,52,50,51,28,25,28,26,24,22,6,24,9,45,62,62,52,69,54,76,19,27,46,42,45,46,48,9,16,31,10,22,31,52,14,22,23,18,27,14,26,22,14,14,13,12,8,11,13,11,14,15,12,13,16,15,11,8,7,7,13,34,42,11,72,19,62,42,41,76,27,17,14,25,13,14,8,49,12,22,14,19,15,13,9,22,6,10,9,10,14,16,10,8,16,9,29,33,24,23,17,7,21,33,31,32,23,25,17,5,7,4,11,6,9,13,12,14,12,15,18,8,9,45,42,40,56,47,42,40,36,29,32,18,36,26,18,23,28,24,19,19,16,9,29,21,18,24,11,17,11,16,13,16,11,24,15,10,23,63,46,56,40,71,41,42,33,42,14,30,32,24,22,13,24,13,22,22,15,20,25,21,44,39,21,13,16,16,23,14,,,,24,13,,36,30,32,37,33,35,23,20,56,13,36,35,37,49,23,55,28,27,20,17,9,12,26,35,34,23,19,17,7,16,21,76,18,6,6,17,13,9,7,43,15,9,13,19,14,16
20180830,1,PM10,42,41,80,34,33,64,56,43,36,64,44,57,64,110,29,41,26,20,14,23,42,27,30,32,65,63,31,39,57,43,42,29,44,24,18,20,66,65,23,22,18,15,16,14,64,8,10,17,100,44,61,31,34,20,23,15,16,10,18,24,16,33,20,23,99,72,50,59,6,75,86,35,76,79,29,42,45,21,40,31,15,68,58,57,61,34,66,36,22,59,53,67,33,32,19,27,12,16,16,17,15,23,22,24,18,65,61,39,93,94,61,51,46,38,36,40,32,15,22,17,53,56,21,85,74,61,78,96,104,63,68,47,34,54,27,14,25,20,102,111,98,65,146,127,137,54,58,101,76,98,84,126,30,25,83,48,14,32,80,67,44,52,46,51,33,28,51,46,35,37,26,26,23,36,29,45,26,16,25,34,29,39,12,21,14,22,60,56,17,145,110,76,81,65,113,34,70,14,37,14,19,24,66,51,37,20,13,36,27,12,,13,14,17,11,25,20,6,24,20,18,62,69,55,50,41,19,65,52,49,75,71,42,52,12,17,17,33,21,13,30,33,33,22,28,34,18,20,60,45,53,114,75,104,71,71,54,54,30,85,16,30,59,52,48,65,45,36,22,48,35,54,35,33,25,28,24,19,26,21,40,26,13,53,164,110,96,82,73,65,54,60,82,26,43,31,65,33,73,62,56,33,49,23,46,34,18,52,61,46,19,38,31,50,24,,,,7,15,,56,21,53,54,48,79,24,68,104,37,70,110,58,50,40,51,18,50,25,16,21,18,17,47,75,143,42,55,8,85,93,273,26,34,1,126,41,201,24,90,40,28,24,58,53,25
20180830,1,PM10_24h,25,47,68,51,33,93,61,32,24,43,55,64,73,124,32,38,28,20,21,26,31,29,35,30,65,51,31,46,33,40,45,34,47,25,18,22,33,79,24,20,17,22,21,21,57,14,14,24,96,39,97,43,34,24,23,14,25,13,27,23,20,26,24,22,82,90,45,45,28,92,81,63,68,51,28,29,45,37,28,21,13,85,70,58,69,38,78,67,33,51,55,94,42,33,44,26,18,21,17,19,19,23,26,16,21,54,92,46,104,97,81,27,44,36,39,37,29,29,29,19,41,42,42,99,97,94,97,88,95,60,55,49,40,53,33,19,36,35,76,89,95,78,99,97,101,37,50,93,67,87,77,104,29,45,78,39,68,51,96,27,32,39,36,39,25,41,61,29,30,32,29,24,25,41,28,40,32,28,23,25,33,32,20,17,15,22,64,68,20,133,70,94,70,64,95,64,43,24,46,19,23,22,105,28,43,23,23,26,26,14,30,15,23,23,19,28,25,20,26,24,13,55,64,55,44,38,16,49,70,47,61,62,45,41,12,17,12,20,15,21,31,28,25,23,33,42,25,27,99,82,76,111,87,78,82,69,49,54,39,74,40,39,44,46,46,38,35,33,27,45,49,32,34,22,28,19,26,20,30,22,35,28,19,51,121,76,84,65,106,61,54,51,89,23,39,43,43,34,49,41,28,36,40,31,45,40,37,57,70,38,31,42,25,48,22,,,,18,25,,64,68,57,68,77,54,54,37,81,34,73,80,53,70,38,85,36,49,35,21,29,22,64,67,75,87,42,46,18,39,68,432,70,32,17,48,42,209,21,89,34,17,23,34,36,29
20180830,1,SO2,20,12,27,17,10,25,25,7,5,8,14,11,20,7,11,9,7,3,5,5,6,4,14,8,13,19,10,13,10,7,4,8,5,6,5,6,5,24,3,7,3,5,5,6,8,5,2,5,17,6,8,8,6,6,5,2,5,4,3,5,5,9,8,3,7,9,5,13,7,8,6,11,22,7,7,13,9,8,5,15,11,15,9,10,27,7,9,7,6,13,9,15,4,9,4,10,6,9,7,6,6,6,8,16,6,9,10,9,6,17,8,13,5,11,9,14,6,4,3,4,7,10,11,18,41,7,11,16,14,7,7,9,11,6,11,7,6,4,7,12,22,4,10,19,13,6,34,11,12,10,3,7,12,2,6,4,4,10,21,4,4,10,5,2,5,11,8,8,5,8,9,9,15,7,15,4,13,10,10,5,12,6,7,2,5,5,6,8,3,9,13,4,4,8,15,5,6,2,3,17,2,15,8,10,4,3,12,4,7,2,5,5,4,7,1,4,4,7,6,6,3,17,21,9,12,8,10,12,5,13,4,13,6,7,6,9,5,6,4,5,12,32,15,8,20,11,6,12,25,14,14,7,8,7,4,11,11,12,5,9,5,3,6,4,7,14,10,10,8,11,10,5,2,11,13,10,9,15,7,32,5,7,4,20,13,9,10,13,14,10,24,4,5,7,15,11,12,3,1,9,31,5,46,5,16,10,7,8,23,10,5,4,7,8,8,,,,4,4,,5,4,7,9,6,5,4,4,6,7,9,3,13,12,10,9,10,12,8,7,9,17,3,9,11,5,5,10,7,7,9,9,9,3,6,5,12,4,7,7,12,6,8,11,9,7
20180830,1,SO2_24h,3,10,13,19,11,17,12,6,5,4,13,10,20,9,9,12,6,4,6,4,7,4,15,7,12,14,9,12,7,7,6,8,7,6,5,5,6,22,3,5,4,8,4,5,7,5,3,9,12,7,10,6,6,7,5,2,6,4,4,5,8,9,7,4,10,10,4,13,8,10,6,9,25,8,8,11,17,10,4,11,7,15,7,12,12,10,12,7,8,12,7,10,4,8,6,10,7,8,6,6,6,7,9,8,7,9,9,12,8,34,10,8,8,12,12,11,8,4,3,6,7,10,13,19,28,13,11,16,12,8,10,10,8,6,12,7,8,4,7,10,46,12,11,15,9,6,50,11,13,10,5,8,6,6,21,4,5,12,30,4,4,9,5,4,6,11,9,6,4,7,9,8,12,7,14,4,11,10,9,6,11,5,7,4,5,4,8,9,3,13,18,6,6,17,16,13,5,5,7,16,2,16,9,7,6,3,14,4,10,2,6,5,4,7,2,6,5,8,7,8,3,18,14,10,13,7,10,10,7,12,6,12,14,9,7,9,6,6,3,8,16,6,25,8,21,14,11,12,22,18,14,9,10,5,5,12,12,10,6,11,7,3,5,4,9,12,7,6,7,6,12,6,2,10,8,11,10,13,7,12,5,10,5,25,12,15,10,9,16,10,18,4,8,8,9,10,13,10,1,10,12,16,32,5,12,18,8,13,40,9,7,5,18,9,10,,,,5,3,,8,9,9,22,24,7,7,2,7,7,8,5,15,15,11,12,11,13,10,7,9,19,7,11,14,6,6,9,7,5,9,13,10,4,5,10,14,4,9,9,14,6,7,11,11,8
20180830,1,NO2,40,35,35,27,63,29,33,21,32,34,36,15,51,33,22,47,21,20,13,16,18,25,38,23,24,50,29,38,45,29,16,12,18,16,11,26,3,45,14,14,5,13,21,8,37,13,12,11,49,24,24,47,40,37,32,5,31,3,11,42,12,45,18,17,68,56,23,45,11,31,15,26,26,18,29,42,26,13,32,40,18,33,24,15,25,17,17,15,11,12,23,13,12,12,8,23,12,16,10,25,5,23,26,13,10,26,24,8,7,15,18,24,32,33,22,42,10,3,16,6,17,14,14,18,40,15,20,17,13,22,18,13,16,16,9,8,15,7,39,33,39,26,61,35,35,48,33,34,26,65,31,23,8,10,17,3,4,8,22,12,28,21,7,13,18,13,12,9,13,15,29,14,21,20,26,50,27,12,21,26,19,20,10,17,6,11,13,12,18,29,39,15,5,20,68,11,34,22,10,11,7,40,4,41,16,11,4,5,6,7,5,10,1,4,6,6,22,18,3,8,4,37,17,13,52,11,9,58,16,19,50,11,28,23,8,15,9,21,12,2,12,19,15,6,9,6,7,8,32,26,16,18,10,13,15,12,37,16,32,19,8,6,23,11,15,27,23,13,14,19,16,25,11,22,13,12,15,12,12,9,20,12,7,37,71,42,46,49,41,41,14,23,37,7,8,12,25,8,2,24,34,16,17,9,16,11,9,20,27,28,9,27,14,14,8,,,,10,9,,19,19,10,32,5,27,17,54,45,13,17,45,15,3,11,27,14,4,20,12,12,5,10,5,31,7,31,15,9,23,35,14,21,,4,4,5,37,10,14,46,10,28,33,34,12
20180830,1,NO2_24h,23,33,27,33,28,31,31,14,20,35,33,26,34,26,23,27,15,27,30,16,18,22,21,16,26,28,22,34,21,21,17,15,21,15,10,27,12,40,15,9,7,14,15,11,31,16,16,15,41,21,39,29,21,43,32,15,34,8,16,39,19,28,25,17,46,46,18,30,16,43,30,26,22,26,20,22,32,26,14,14,18,28,29,18,17,14,33,22,14,21,28,20,19,10,12,19,13,14,11,19,8,13,28,14,14,21,28,17,16,25,18,24,26,23,24,22,18,8,21,15,16,13,15,33,32,20,23,27,17,23,16,11,12,17,12,10,14,8,32,28,33,30,47,28,23,26,19,32,24,43,27,27,7,20,20,11,12,17,40,18,17,30,10,18,11,17,13,9,9,19,20,15,25,24,27,27,24,10,17,17,11,18,17,13,6,11,17,11,20,38,29,15,8,23,35,21,17,12,14,17,6,26,9,16,16,14,12,13,13,8,8,12,10,9,9,8,18,16,6,14,6,33,20,16,25,14,10,33,19,23,39,13,26,17,11,17,7,19,12,5,12,12,11,14,10,16,8,7,34,33,22,33,17,15,21,22,28,14,22,18,6,6,12,10,14,17,12,12,17,18,10,13,10,20,13,11,13,13,13,10,17,9,10,29,37,38,35,28,31,33,16,19,26,6,12,14,21,8,2,13,23,22,15,9,14,12,13,18,19,18,13,20,13,14,10,,,,8,7,,18,25,12,21,15,15,12,8,37,17,13,25,13,12,13,45,14,9,17,8,10,8,15,18,23,14,34,20,11,20,25,15,16,9,7,14,10,6,16,27,24,13,19,21,19,13
20180830,1,O3,54,67,95,83,26,104,117,57,6,88,64,119,72,106,75,9,77,29,51,39,79,26,14,41,74,23,22,30,31,24,51,53,48,42,34,21,59,38,33,30,31,38,32,40,80,46,52,63,74,58,121,26,18,14,37,55,21,58,37,14,34,10,34,11,65,68,59,14,51,95,77,45,61,78,20,15,58,103,29,13,41,96,65,111,107,92,96,94,97,114,72,133,67,99,105,46,37,33,36,20,49,28,23,39,38,16,97,94,159,169,119,15,13,10,10,7,60,31,19,40,87,77,59,139,69,117,129,131,160,61,65,57,55,90,41,71,37,37,71,53,51,48,45,77,75,14,31,97,113,11,71,119,84,94,94,107,105,82,93,65,47,62,82,106,54,91,81,102,84,117,27,30,30,30,36,47,30,49,61,63,33,26,58,23,40,71,88,78,41,146,49,134,190,114,59,84,23,16,103,84,45,9,133,8,21,39,57,46,51,31,39,38,47,55,37,3,18,53,26,17,7,84,106,114,53,78,37,53,78,106,57,76,55,54,68,40,45,30,27,50,27,28,41,68,39,47,50,35,84,101,115,122,100,160,56,102,41,77,21,80,71,50,41,92,37,22,26,37,64,28,64,27,19,15,28,27,24,33,31,47,3,38,50,44,11,22,55,40,35,53,99,30,44,29,100,48,59,84,60,17,38,52,39,15,70,38,33,46,25,22,79,45,4,14,27,,,,54,90,,75,111,93,62,103,49,61,18,110,96,148,18,85,86,80,80,72,72,76,76,34,99,90,105,82,59,59,87,49,70,61,63,52,91,63,97,99,57,88,111,6,35,18,6,15,44
20180830,1,O3_24h,123,158,187,127,113,220,163,118,103,126,188,169,194,190,131,68,126,61,61,93,141,112,144,146,159,194,131,124,190,178,148,105,137,113,85,57,87,117,128,69,73,93,93,71,166,54,98,94,202,133,223,151,132,144,69,84,124,82,84,112,81,86,77,51,250,238,97,102,81,234,149,138,163,129,106,91,131,110,127,97,107,251,180,174,193,195,224,177,127,192,156,205,168,126,188,136,93,70,73,89,94,75,134,83,75,108,189,115,216,233,191,79,77,74,63,87,69,67,64,71,186,170,137,220,210,220,220,187,221,150,149,178,138,139,94,78,93,52,249,204,204,190,217,262,182,109,87,201,217,169,205,221,104,113,192,119,105,172,219,141,140,152,142,148,128,193,165,111,101,117,125,108,105,130,110,125,142,183,149,152,70,78,88,68,83,102,145,145,74,249,131,221,214,174,219,199,100,66,146,118,75,100,188,93,83,97,98,69,78,91,81,81,49,57,64,62,52,58,43,48,45,169,197,155,146,132,71,214,156,151,147,139,176,141,99,67,97,73,53,75,108,86,123,112,93,104,91,99,224,249,201,194,161,181,134,142,135,128,134,140,119,135,150,123,170,101,93,121,100,103,112,118,89,75,79,69,90,58,82,77,86,79,76,168,174,227,174,238,164,169,178,106,206,86,146,169,86,102,116,91,102,99,112,76,98,96,72,110,122,85,86,134,103,70,65,,,,64,139,,165,161,170,175,120,148,104,113,170,108,153,121,155,133,104,163,104,83,99,96,102,106,163,153,136,72,94,135,94,109,128,93,115,136,93,132,129,146,88,146,94,82,77,73,96,81
20180830,1,O3_8h,54,64,95,83,26,104,117,57,6,88,64,119,72,106,75,9,77,29,51,39,79,26,14,42,74,23,22,29,31,24,51,53,48,42,34,21,53,34,33,30,31,38,32,40,80,46,52,63,74,58,121,26,18,14,37,55,21,58,37,14,34,10,34,11,65,71,59,14,51,95,77,45,61,78,20,15,58,103,29,13,41,96,65,111,107,92,96,94,97,114,72,133,67,99,105,46,37,33,36,20,49,28,23,39,38,16,97,94,159,156,119,15,13,10,10,7,60,31,19,40,87,77,59,139,69,117,129,131,160,61,65,57,55,90,41,71,37,37,71,53,51,48,45,77,75,14,31,97,113,11,71,119,84,94,94,107,105,82,93,65,47,62,82,106,54,91,81,102,84,117,27,30,30,30,36,47,30,49,61,63,42,26,58,23,40,71,88,78,41,146,49,134,190,114,59,84,23,16,103,84,45,9,133,8,21,39,57,46,51,31,39,38,47,55,37,3,18,53,26,17,7,84,106,114,53,78,37,53,78,106,57,76,55,54,68,40,45,30,27,50,27,28,41,68,39,47,50,35,84,101,115,122,100,160,56,102,32,77,21,80,71,50,41,92,37,22,26,37,64,28,64,27,19,15,28,27,24,33,31,47,3,38,50,44,11,22,41,40,35,53,99,30,44,29,100,48,59,84,60,17,38,52,39,15,70,38,33,46,25,22,79,45,4,14,27,,,,52,90,,75,111,93,62,103,49,61,18,110,96,148,18,85,86,80,80,72,72,76,76,34,99,90,105,82,59,59,87,49,70,61,63,52,91,63,97,99,57,88,111,6,35,18,6,15,44
20180830,1,O3_8h_24h,54,65,95,83,26,104,117,57,6,88,64,119,72,106,75,9,77,29,51,39,79,26,14,46,74,23,22,29,31,24,51,53,48,42,34,21,55,40,33,30,31,38,32,40,80,46,52,63,74,58,121,26,18,14,37,55,21,58,37,14,34,10,34,11,65,71,59,14,51,95,77,45,61,78,20,15,58,103,29,13,41,96,65,111,107,92,96,94,97,114,72,133,67,99,105,46,37,33,36,20,49,28,23,39,38,16,97,94,159,156,119,15,13,10,10,7,60,31,19,40,87,77,59,139,69,117,129,131,160,61,65,57,55,90,41,71,37,37,71,53,51,48,45,77,75,14,31,97,113,11,71,119,84,94,94,107,105,82,93,65,47,62,82,106,54,91,81,102,84,117,27,30,30,30,36,47,30,49,61,63,62,26,58,23,40,71,88,78,41,146,49,134,190,114,59,84,23,16,103,84,45,9,133,8,21,39,57,46,51,31,39,38,47,55,37,3,18,53,26,17,7,84,106,114,53,78,37,53,78,106,57,76,55,54,68,40,45,30,27,50,27,28,41,68,39,47,50,35,84,101,115,122,100,160,56,102,35,77,21,81,71,50,41,92,37,22,26,37,64,28,64,27,19,15,28,27,24,33,31,47,3,38,50,44,11,22,41,40,32,53,99,30,44,29,100,48,59,84,60,17,38,52,39,15,70,38,33,46,25,22,79,45,4,14,27,,,,52,90,,75,111,93,62,103,49,61,18,110,96,148,18,85,86,80,80,72,72,76,76,34,99,90,105,82,59,59,87,49,70,61,63,52,91,63,97,99,57,88,111,6,35,18,6,15,44
20180830,1,CO,0.817,0.956,0.738,0.767,0.36,0.45,0.817,0.44,0.48,1.1,0.433,0.967,0.675,0.875,0.75,0.718,0.68,0.5,0.564,0.44,0.733,0.338,0.42,0.675,0.9,1.1,0.613,0.7,0.85,0.75,0.38,0.68,0.6,0.68,0.525,0.675,0.392,0.814,0.533,0.433,0.567,0.3,0.5,0.367,0.73,0.517,0.375,0.667,1.471,0.556,0.722,1.49,0.7,0.582,0.615,0.533,0.629,0.475,0.5,0.76,0.6,0.775,0.888,0.56,1.129,0.889,0.54,0.714,0.333,0.854,0.62,1.15,1.3,0.629,0.714,0.743,0.617,0.72,0.625,0.767,0.3,1.267,0.625,0.9,1.467,0.767,1.217,0.48,0.25,0.58,0.967,0.9,0.333,0.533,0.267,0.88,0.55,0.417,0.525,0.733,0.667,0.867,0.7,0.833,0.533,3.033,0.967,0.65,0.9,1.614,0.9,0.3,1.057,0.667,0.767,0.94,0.557,0.34,0.42,0.44,0.775,0.7,0.575,1.071,0.98,0.65,0.833,1.075,0.975,1.02,0.9,0.783,0.76,0.85,0.725,0.775,0.867,0.4,0.925,1.05,1.26,0.5,1.3,0.975,1.133,0.8,0.75,1.08,1.2,1.5,0.8,0.75,0.267,0.35,0.733,0.66,0.533,0.6,0.95,0.75,0.8,0.6,0.6,0.8,0.65,0.45,1,1.05,0.65,0.7,0.6,0.6,0.55,0.3,0.55,0.4,0.633,0.5,0.4,0.55,0.6,0.6,0.6,0.4,0.9,0.6,0.575,0.825,0.6,1.817,1.12,0.825,0.94,0.967,2.1,0.833,0.967,0.4,0.567,0.2,0.233,0.45,0.633,0.66,0.425,1.2,0.8,0.85,0.85,0.45,0.3,0.467,0.35,0.375,0.35,0.333,0.48,0.467,0.4,0.6,0.3,0.65,0.95,0.7,0.483,0.6,0.567,0.8,0.367,0.467,0.725,0.7,0.5,0.533,0.42,0.725,0.6,0.7,0.7,0.62,0.54,1.6,0.48,1.275,0.625,0.58,0.9,0.525,1.067,0.7,0.8,1.267,0.6,1.02,0.825,0.667,1.1,0.925,0.867,0.82,0.45,0.85,0.95,0.967,1.05,0.933,0.76,1.14,1.54,0.7,1.1,1.32,1.067,0.825,1.067,0.733,0.65,0.833,0.9,0.95,0.733,0.8,0.6,0.9,0.95,1.075,1.32,0.8,0.9,0.6,0.6,0.775,0.975,0.5,0.5,0.68,0.6,0.625,0.3,1,0.9,0.7,0.8,0.45,0.6,0.833,0.8,0.75,0.633,0.65,0.7,0.65,0.8,0.9,0.6,,,,0.6,0.35,,0.725,1.125,0.567,0.65,0.8,0.433,0.4,0.55,0.65,0.4,0.767,0.45,0.6,0.65,0.6,1.3,0.8,1.1,1.1,0.4,0.6,0.6,0.3,0.767,0.933,0.7,0.8,0.5,0.3,0.7,0.7,0.5,0.5,1,0.45,0.3,0.4,1.2,0.7,1,0.65,0.633,1.15,0.65,0.5,0.75
20180830,1,CO_24h,0.417,0.861,0.725,0.917,0.54,0.7,0.583,0.42,0.48,0.7,0.7,0.633,0.875,1,0.788,0.736,0.72,0.622,0.618,0.44,0.511,0.329,0.38,0.5,0.771,0.7,0.563,0.711,0.575,0.775,0.46,0.7,0.65,0.66,0.538,0.675,0.478,0.911,0.533,0.433,0.6,0.333,0.467,0.333,0.71,0.533,0.475,0.844,0.929,0.489,1.067,1.02,0.63,0.736,0.677,0.633,0.729,0.625,0.7,0.78,0.72,0.775,1.05,0.58,0.947,0.956,0.52,0.686,0.383,1.062,0.84,1.225,0.914,0.671,0.643,0.529,0.633,0.7,0.425,0.6,0.425,1.4,0.725,0.733,1,0.8,1.517,0.46,0.35,0.64,0.867,1,0.5,0.5,0.475,0.98,0.667,0.483,0.6,0.7,0.767,0.7,0.9,0.967,0.7,1.767,1.067,1.067,1.48,1.571,1.033,0.325,1.2,0.733,1.05,0.68,0.643,0.4,0.48,0.5,0.65,0.72,0.625,1.357,1.46,1,0.983,1.05,0.95,1.02,1.033,0.917,0.84,0.85,0.7,0.825,0.983,0.35,0.775,1.017,1.5,0.65,0.95,0.875,0.917,0.675,0.7,1.1,1.325,1.433,0.775,0.75,0.233,0.65,0.767,0.8,0.5,0.85,1.3,0.5,0.65,0.5,0.5,0.8,0.65,0.7,1.05,0.7,0.55,0.65,0.567,0.5,0.55,0.35,0.5,0.45,0.667,0.5,0.35,0.55,0.6,0.6,0.6,0.4,0.9,0.7,0.55,0.925,0.633,1.4,0.98,0.85,0.9,0.967,1.633,0.933,0.433,0.4,0.6,0.3,0.267,0.5,0.667,0.5,0.475,1.3,1,0.85,0.9,0.5,0.35,0.5,0.45,0.475,0.45,0.567,0.58,0.533,0.433,0.65,0.4,0.583,0.717,0.7,0.533,0.64,0.6,0.7,0.667,0.467,0.75,0.85,0.633,0.533,0.52,0.825,0.575,0.7,0.733,0.64,0.68,0.86,0.5,1.375,0.625,0.74,0.86,0.575,1.667,1.125,0.95,1.333,0.6,0.9,0.8,0.633,1.05,0.85,0.867,0.84,0.55,0.8,0.85,0.867,1.1,0.8,0.76,1.14,1.66,0.675,1.14,1.28,1,0.95,1.1,0.833,0.725,1,0.95,0.95,0.667,0.85,0.7,0.925,0.725,0.95,1.18,0.725,1.066,0.64,0.55,0.7,0.95,0.433,0.55,0.9,0.62,0.6,0.35,0.9,0.75,0.8,0.7,0.5,0.6,0.867,0.85,0.8,1.067,0.5,0.8,0.7,0.7,1,0.5,,,,1.05,0.25,,0.8,1.075,0.667,0.7,1.3,0.467,0.45,0.35,0.65,0.5,0.733,0.35,0.45,0.9,0.6,1.7,0.4,1.1,0.9,0.4,0.6,0.7,0.3,1.033,0.933,0.7,1,0.5,0.2,0.7,0.55,0.55,0.533,1,0.45,0.45,0.5,1,0.8,1,0.65,0.767,1,0.625,0.475,0.725
20180830,2,AQI,49,39,62,38,37,57,60,49,54,58,43,64,56,99,36,37,36,20,24,22,37,28,37,32,63,56,29,37,54,43,43,34,51,24,18,18,59,60,22,20,21,17,20,24,59,23,26,31,82,44,66,37,29,18,25,28,18,29,21,18,18,28,20,22,77,70,53,52,26,58,56,41,77,67,35,42,34,56,35,36,20,65,50,55,59,44,66,47,46,61,56,77,32,50,53,24,21,19,19,19,26,25,33,21,16,59,59,48,92,96,67,42,48,38,34,64,32,17,20,20,52,52,29,83,64,63,73,83,98,57,67,46,35,51,29,33,28,21,80,88,92,60,164,103,161,51,58,77,65,75,72,81,60,45,48,56,56,41,61,53,46,45,42,64,37,45,57,51,42,63,28,28,23,35,23,46,26,24,29,34,27,30,29,23,19,46,55,55,20,113,73,75,123,60,130,44,56,15,49,41,22,33,79,43,38,22,29,25,28,17,28,18,24,27,19,30,23,28,20,28,15,57,61,56,52,46,18,54,52,56,67,61,43,43,33,22,23,28,14,23,30,40,31,35,26,29,27,21,59,56,57,84,64,97,50,66,53,56,34,68,35,35,47,54,61,55,45,29,33,52,38,51,39,29,21,17,30,19,30,28,41,26,25,52,120,105,86,63,66,53,60,52,65,23,50,35,51,41,64,59,56,36,52,21,43,35,29,45,54,58,36,43,27,55,20,,,,27,47,,61,76,52,55,54,65,30,55,99,49,93,76,63,46,45,55,36,39,38,38,19,48,45,56,63,53,34,77,24,37,81,159,45,45,32,81,95,126,45,80,60,23,36,59,43,26
20180830,2,PM2.5,16,15,28,20,12,23,29,12,13,25,22,34,19,74,8,18,12,12,6,9,14,10,19,22,38,24,14,22,31,19,20,20,28,10,5,8,12,42,11,6,9,9,7,7,31,3,3,6,47,17,24,19,15,11,14,7,10,3,8,12,9,14,11,9,56,50,27,29,4,30,33,26,42,17,14,17,20,12,20,20,8,37,23,33,34,15,47,21,9,29,39,47,15,21,4,16,4,10,6,5,4,11,14,6,5,31,28,21,65,69,35,16,22,16,11,27,22,11,10,11,24,28,8,47,23,20,43,61,64,28,14,22,14,27,20,7,12,9,58,65,68,42,124,76,122,25,27,44,41,39,48,54,8,10,33,10,15,19,43,30,32,30,24,36,22,4,16,25,17,17,17,15,10,10,9,19,11,13,14,22,17,17,6,11,5,17,38,30,11,84,37,52,60,35,98,20,29,9,25,16,12,9,36,19,13,15,13,12,11,7,19,3,9,8,7,12,10,7,9,19,10,37,41,26,23,19,7,26,23,39,36,32,21,17,3,6,4,12,6,6,10,22,12,11,13,11,5,7,24,18,17,58,45,61,21,42,29,34,16,48,8,9,29,34,24,22,26,11,7,33,15,18,27,12,13,7,14,10,12,19,21,9,6,28,90,71,63,41,45,33,42,31,34,13,29,24,32,21,18,41,12,25,32,8,30,19,20,31,31,22,10,16,16,21,14,,,,16,9,,35,53,28,34,22,38,19,33,74,6,36,34,44,32,31,38,9,27,21,15,6,18,14,17,38,18,11,21,7,25,43,51,20,2,10,12,18,11,14,58,18,6,11,28,21,16
20180830,2,PM2.5_24h,8,23,35,25,14,43,28,11,8,20,31,37,31,96,9,20,15,11,11,10,12,9,16,22,29,23,12,25,22,19,24,16,28,10,7,12,18,50,11,8,7,12,10,9,25,5,8,8,45,14,48,24,18,14,16,8,14,6,12,14,11,13,16,10,48,57,23,26,10,47,38,39,34,20,13,15,16,13,16,13,7,53,28,22,33,22,44,30,15,29,31,52,18,21,21,17,7,10,5,7,5,13,16,8,10,30,50,12,68,65,48,10,24,22,20,15,16,12,16,11,18,20,14,54,49,47,52,50,52,28,24,28,26,24,22,6,23,9,45,62,62,51,71,55,77,19,28,46,41,45,47,48,9,16,31,10,21,31,51,15,23,23,18,26,15,25,22,15,15,14,13,8,11,13,11,14,15,12,13,17,15,12,8,7,7,13,34,41,11,73,19,61,43,41,78,27,18,13,25,14,14,8,49,11,21,14,18,15,13,9,22,6,10,9,10,14,16,10,8,16,9,29,34,25,23,18,7,21,33,31,33,23,25,17,5,7,4,11,6,9,13,12,14,12,14,18,8,9,44,41,39,56,47,43,39,36,29,32,18,36,25,17,23,28,24,19,19,15,9,29,20,18,24,11,17,10,15,13,16,11,24,13,10,23,63,46,56,40,69,39,42,33,41,14,30,31,25,23,13,25,13,22,22,14,20,25,20,43,39,21,13,16,16,22,14,,,,24,12,,36,31,32,37,33,34,22,20,56,12,37,34,37,47,23,54,27,27,20,17,9,12,25,34,33,23,18,17,7,16,22,75,19,6,6,16,13,9,8,44,15,9,13,19,13,16
20180830,2,PM10,48,38,72,32,36,61,56,48,55,63,42,55,60,111,29,36,26,19,9,21,36,27,36,31,74,60,28,36,56,42,42,33,50,23,17,17,65,63,21,19,20,15,19,23,65,8,11,15,112,43,55,36,28,17,24,14,17,6,15,14,17,27,19,21,93,77,53,52,8,64,59,40,102,82,34,41,33,18,34,35,13,77,49,58,66,31,70,46,29,53,57,75,30,34,20,23,9,18,15,18,10,24,32,20,11,65,66,37,87,89,56,41,47,37,33,76,30,16,19,16,51,52,24,88,75,48,73,97,97,61,81,45,34,50,24,17,27,20,104,91,109,62,171,115,157,50,64,101,77,98,92,110,16,16,33,36,17,37,70,54,44,44,41,49,36,22,61,47,33,31,27,27,22,34,22,45,25,19,25,33,26,29,11,22,9,45,51,57,19,143,93,72,85,57,122,31,59,14,32,11,17,32,51,42,37,20,16,24,24,16,16,11,14,20,11,29,22,12,19,21,13,62,69,56,52,45,14,55,52,50,82,69,42,42,10,21,16,27,13,14,29,39,30,22,25,28,16,20,65,51,59,116,67,100,49,80,54,60,33,83,22,34,46,55,69,58,44,28,19,52,37,50,33,28,20,16,29,18,29,27,40,25,13,51,173,157,100,73,79,53,48,51,78,22,46,33,50,40,75,61,59,34,52,20,42,34,21,26,56,64,16,42,26,57,15,,,,6,16,,69,,52,58,45,78,29,57,103,21,76,100,56,37,33,49,12,36,29,,16,,24,60,74,54,33,101,6,36,109,266,44,22,,110,138,199,15,95,67,22,35,65,42,25
20180830,2,PM10_24h,26,45,67,49,32,90,59,32,26,42,53,62,71,122,32,37,28,20,20,26,32,30,35,30,65,51,32,46,34,41,45,34,45,26,18,22,33,80,24,20,18,22,21,21,57,14,14,23,97,39,95,43,34,24,23,13,25,13,26,23,18,26,23,22,82,89,45,45,27,91,80,62,69,53,28,30,45,37,28,22,14,83,69,58,68,38,78,66,33,52,54,94,42,33,44,26,17,21,17,19,19,23,26,15,21,54,90,44,103,96,79,28,45,35,39,39,29,29,28,19,42,43,40,99,95,92,96,89,95,60,56,49,40,54,33,19,35,34,77,88,95,76,101,98,102,37,51,92,67,87,78,104,29,43,78,38,65,51,95,28,33,39,36,42,25,40,61,29,30,32,29,25,25,41,28,42,31,28,24,26,33,33,20,17,15,23,63,67,19,132,72,92,71,64,97,63,44,24,45,20,23,22,103,27,43,22,22,25,25,14,29,15,22,23,19,29,24,20,25,23,14,55,64,55,44,40,16,49,69,46,63,62,46,41,12,17,12,20,15,20,31,28,26,23,32,41,24,27,96,80,74,111,84,79,81,67,49,54,39,74,40,39,44,46,47,38,36,33,27,45,48,34,34,23,27,18,26,20,31,22,35,26,19,51,121,78,84,65,103,59,54,51,88,23,39,43,43,34,50,41,30,36,40,31,44,39,37,56,71,38,30,42,25,48,22,,,,18,25,,64,68,57,68,77,54,52,38,82,34,73,80,53,67,37,83,34,48,35,21,29,22,61,67,75,87,41,47,19,39,70,434,68,31,17,50,46,211,21,91,36,17,22,36,34,29
20180830,2,SO2,32,12,23,18,11,18,22,7,6,7,13,11,15,7,9,9,8,3,5,5,6,5,14,8,12,18,10,13,9,10,4,8,5,6,4,5,5,23,4,6,3,6,7,6,7,4,3,5,14,10,9,7,6,6,5,2,6,4,3,4,5,9,8,3,9,11,5,12,8,8,6,10,21,6,8,12,9,8,6,13,12,12,8,10,26,11,7,7,9,13,7,14,4,8,4,9,6,9,5,5,6,6,9,13,6,9,10,9,5,17,8,11,5,11,9,15,6,4,3,4,7,10,13,20,34,8,13,16,14,7,7,12,10,6,9,7,7,4,7,10,24,5,12,17,17,5,74,12,12,10,3,6,212,1,6,4,4,11,27,4,4,10,5,3,6,10,8,8,5,8,9,10,15,5,14,4,13,11,10,6,12,6,7,3,6,5,6,8,2,11,10,4,3,11,17,5,5,2,3,19,2,14,8,7,6,3,17,2,7,2,5,6,4,8,2,4,4,7,6,6,3,21,20,9,10,7,10,12,4,12,4,14,8,10,6,10,5,5,3,5,8,20,36,6,19,10,6,9,30,16,13,8,8,6,4,11,9,11,4,9,6,3,6,4,7,12,10,9,12,11,14,6,1,11,12,9,10,17,6,35,4,7,4,19,12,8,14,12,10,12,25,4,6,6,13,14,21,5,1,9,19,6,50,5,31,10,7,8,24,54,5,4,7,7,8,,,,4,4,,6,5,7,5,6,6,4,4,5,7,10,6,14,12,9,8,8,13,8,7,9,17,4,9,7,6,5,7,7,6,8,8,10,3,6,5,12,4,9,8,14,5,8,11,8,7
20180830,2,SO2_24h,4,10,14,19,11,17,13,6,5,4,13,10,20,9,9,11,6,4,6,4,7,4,15,7,12,14,9,13,7,7,6,8,6,6,5,5,6,23,3,5,4,8,4,5,7,5,3,9,12,7,10,6,6,7,5,2,6,4,4,5,8,9,7,3,10,10,4,13,8,10,6,9,24,8,8,11,16,10,4,11,8,15,7,12,12,10,12,7,8,12,7,10,4,8,6,10,7,8,6,6,6,7,9,8,7,9,9,12,8,33,10,8,8,12,11,11,8,4,3,6,7,10,13,19,29,12,11,15,12,8,10,10,8,6,12,7,7,4,7,10,46,12,11,15,9,6,48,11,13,10,5,8,14,6,19,4,5,12,30,4,4,9,5,5,6,11,9,6,4,7,9,8,12,7,14,4,12,10,9,6,11,5,7,4,5,4,7,9,3,14,18,6,5,18,16,13,5,5,7,16,2,16,9,7,6,3,14,4,10,2,6,5,4,7,2,6,5,8,7,7,3,18,15,10,13,8,10,10,7,12,6,12,14,9,7,9,6,6,3,8,15,7,26,8,20,14,11,12,23,18,14,9,9,5,5,12,12,10,6,11,7,3,5,4,9,12,8,6,8,6,12,6,2,10,9,11,10,13,7,13,5,9,5,25,12,14,10,9,16,10,19,4,8,8,9,11,13,10,1,10,13,16,33,5,12,18,8,13,38,11,7,5,17,9,10,,,,5,3,,8,9,9,22,22,7,7,3,7,7,8,5,15,15,10,12,10,13,10,7,9,19,7,11,14,6,6,9,7,5,9,12,10,4,5,10,14,4,9,9,14,6,7,11,11,7
20180830,2,NO2,38,36,29,32,62,29,37,18,34,33,39,14,42,29,26,44,24,13,15,18,20,24,35,22,22,48,29,37,47,33,18,14,15,17,9,23,2,47,14,11,4,20,22,13,35,11,11,12,47,22,21,43,32,33,29,7,26,2,9,19,16,40,18,12,59,61,22,42,13,25,16,22,19,9,27,42,26,10,29,39,17,36,23,19,32,17,18,18,14,12,19,12,13,10,9,25,8,16,8,22,5,19,30,10,14,27,29,8,9,14,14,26,32,30,19,40,10,3,16,6,18,14,14,20,36,16,19,16,13,28,25,15,12,17,10,9,20,6,27,28,30,22,67,32,33,39,28,33,24,60,30,27,10,16,17,3,3,14,26,11,25,13,9,8,16,14,9,10,12,16,33,13,19,20,27,60,26,14,19,34,20,19,6,19,9,26,15,13,17,31,29,18,5,20,44,9,26,17,11,15,4,31,4,35,18,10,4,3,4,8,5,9,2,4,7,4,18,15,3,7,4,43,20,17,41,33,8,48,12,18,42,11,24,17,8,14,9,18,11,4,7,18,22,3,7,5,7,7,36,25,16,19,11,13,13,11,36,15,24,19,7,7,20,8,15,25,23,14,15,19,20,22,9,23,20,11,12,12,13,9,22,10,4,31,62,35,45,38,42,37,13,19,39,6,8,13,25,10,2,20,18,26,17,11,28,10,9,26,30,37,11,37,11,14,7,,,,8,7,,21,14,11,14,5,28,18,22,51,10,15,48,15,2,11,31,12,7,24,9,9,7,10,5,37,8,29,10,8,25,50,15,25,,4,4,5,23,13,13,50,10,28,31,29,13
20180830,2,NO2_24h,24,32,26,33,29,29,31,14,21,34,32,24,33,26,23,28,15,27,29,16,18,22,22,16,25,29,22,34,22,21,17,14,20,15,10,27,12,41,15,10,7,15,15,11,31,16,16,14,41,22,37,29,21,42,33,15,33,8,15,38,19,28,24,17,46,46,18,30,16,42,29,26,21,24,21,22,32,25,15,15,18,28,29,19,17,14,32,21,14,20,27,19,19,10,12,20,13,14,11,19,8,13,28,13,14,21,26,17,14,25,18,24,27,23,24,23,17,8,21,14,16,13,14,31,31,19,23,25,17,24,17,12,12,17,13,10,14,8,31,28,32,29,47,28,23,26,20,30,24,45,27,27,7,20,20,10,12,16,38,18,18,29,9,14,11,17,13,9,9,19,21,15,25,24,27,29,24,10,17,17,11,18,16,13,6,12,17,11,20,35,29,16,8,23,35,21,18,12,14,17,6,26,9,17,15,15,12,12,13,8,8,12,10,9,9,8,19,16,6,14,6,33,20,16,25,17,10,34,18,22,38,13,25,16,11,17,7,19,13,4,12,13,12,14,9,15,8,7,32,31,21,31,16,14,19,20,28,13,22,18,6,6,12,10,14,18,12,12,17,19,10,13,11,20,14,11,13,13,13,9,17,8,10,29,37,37,35,28,30,33,16,19,26,6,12,14,21,8,2,13,23,23,15,9,14,12,12,18,20,18,13,20,13,14,10,,,,8,7,,18,25,12,20,15,15,12,9,37,16,13,26,13,11,13,42,14,9,17,8,10,8,15,17,22,13,33,18,11,21,26,13,16,9,7,13,9,7,16,26,26,12,19,22,18,13
20180830,2,O3,62,62,104,68,20,98,102,55,3,77,61,111,86,100,67,9,65,36,43,38,65,25,14,33,75,21,21,26,25,20,42,50,45,36,36,20,56,35,33,32,32,27,28,30,71,45,49,57,67,63,113,31,22,17,33,55,23,55,42,37,28,9,31,14,62,58,56,15,48,96,76,46,74,79,16,11,54,108,34,7,38,92,62,93,85,83,89,81,83,110,78,129,58,97,98,37,43,32,37,20,50,33,16,43,27,13,82,96,139,164,118,11,11,8,11,7,55,31,17,36,73,64,54,135,73,111,123,129,153,54,45,48,58,81,36,58,31,39,81,55,53,49,39,80,72,15,31,95,105,11,66,117,76,83,91,102,107,77,75,68,47,80,75,113,52,86,95,98,80,111,23,30,28,27,32,36,26,43,50,42,33,22,53,18,31,35,77,68,35,133,66,123,177,107,94,87,25,17,89,76,41,6,133,11,13,38,55,52,58,26,37,30,45,49,37,2,14,56,23,12,6,64,87,98,54,56,33,51,87,97,65,75,52,48,61,36,44,32,27,41,34,26,27,69,35,47,55,40,74,110,100,117,86,151,57,99,41,75,29,77,67,45,46,93,32,21,21,28,65,26,54,23,19,11,24,29,27,32,28,39,3,37,51,44,11,24,51,51,22,50,93,31,32,29,97,45,54,75,45,14,60,34,40,11,47,35,30,31,15,10,64,29,8,13,31,,,,56,97,,83,150,82,68,103,37,55,41,111,97,150,14,81,80,78,68,70,65,74,72,40,90,89,99,61,50,60,95,45,57,37,63,46,86,62,97,86,56,88,117,3,34,16,4,18,38
20180830,2,O3_24h,123,158,186,127,113,220,163,118,103,126,188,169,194,189,131,68,126,61,61,93,141,112,144,146,159,194,131,124,190,178,148,105,137,113,85,57,87,117,128,69,73,93,93,71,166,54,98,94,202,133,223,151,132,144,68,84,124,82,84,112,80,86,77,51,250,238,97,102,81,234,149,138,163,129,106,91,131,112,127,97,107,251,180,174,193,195,224,177,127,192,156,205,168,126,188,136,92,65,68,89,88,73,134,83,75,108,189,115,216,233,191,79,76,74,57,87,69,62,64,71,186,170,137,220,210,220,220,187,221,150,149,178,138,139,94,77,93,52,249,204,204,190,217,262,182,109,87,201,217,169,205,221,98,113,192,119,108,172,219,141,140,152,142,167,128,193,165,111,101,117,125,108,105,130,110,125,142,183,149,152,70,78,88,68,83,102,145,145,74,249,131,221,213,173,219,199,100,66,146,118,75,100,188,91,83,96,98,69,78,84,78,81,49,57,64,62,52,58,40,48,43,169,197,155,146,130,71,214,156,151,147,139,176,141,99,67,97,73,53,75,108,86,123,112,93,104,91,99,224,249,201,194,161,181,134,142,135,127,134,140,119,135,150,123,170,101,93,121,100,103,112,118,89,75,79,69,90,58,82,77,86,79,76,168,174,227,174,238,164,169,178,106,206,86,146,169,86,102,116,91,102,99,112,76,98,96,72,110,122,85,86,134,103,70,65,,,,64,139,,165,163,170,175,120,148,104,113,170,108,155,121,155,133,104,163,104,83,99,96,102,106,163,153,136,72,94,135,94,109,128,93,115,136,93,132,129,146,88,146,94,82,77,71,96,81
20180830,2,O3_8h,58,62,100,75,23,101,110,56,4,82,62,115,79,103,71,9,71,32,47,38,72,25,14,38,74,22,22,27,28,22,47,52,46,39,35,20,51,33,33,32,32,33,30,35,75,45,50,60,70,61,117,29,20,15,35,55,22,56,40,26,31,10,33,13,64,66,58,15,50,95,77,45,67,79,18,13,56,105,32,10,39,94,63,102,96,87,92,88,90,112,75,131,62,98,102,42,40,32,36,20,50,30,20,41,31,15,89,95,149,154,119,12,12,9,10,7,58,31,18,38,80,71,56,138,71,114,126,130,156,58,55,52,56,86,39,65,34,38,76,54,52,48,42,78,74,15,31,96,109,11,68,118,81,89,92,105,106,80,84,67,47,71,78,115,53,88,88,100,82,114,25,30,29,28,34,42,28,46,56,53,42,24,56,20,36,53,82,73,38,139,57,128,184,110,77,86,20,16,96,80,43,8,133,9,17,36,56,49,54,28,38,34,46,52,37,3,16,55,24,15,7,74,96,106,53,65,35,52,83,102,61,76,53,51,64,38,45,32,27,45,31,27,34,69,37,46,53,38,79,105,107,119,93,155,57,100,32,76,25,79,69,48,44,92,34,22,23,33,64,26,59,25,19,13,26,28,25,32,30,43,3,38,49,44,11,23,39,45,29,52,96,30,38,29,98,47,55,80,52,15,49,43,40,13,58,36,31,38,20,16,71,37,6,14,29,,,,53,93,,79,130,87,65,103,43,58,30,111,97,150,16,83,83,79,74,71,68,75,74,37,94,89,101,72,55,59,91,47,64,49,63,48,88,63,97,92,56,88,114,5,34,17,5,16,41
20180830,2,O3_8h_24h,62,65,101,83,27,104,117,57,6,88,64,119,79,110,75,9,77,32,51,39,79,26,15,46,76,23,22,29,31,24,51,53,48,42,35,21,55,40,33,32,32,38,32,40,80,46,52,63,74,63,121,30,20,16,37,56,23,58,40,26,34,10,34,13,69,71,60,17,51,97,78,46,68,81,20,15,58,105,32,14,41,96,65,111,107,92,97,94,97,114,76,133,67,100,105,46,40,33,36,20,50,32,23,41,35,16,97,95,159,156,120,15,14,10,10,8,60,31,19,40,87,77,59,139,71,117,129,132,160,61,65,57,57,91,41,71,37,38,76,56,54,49,46,82,76,16,32,98,114,12,71,123,84,94,95,107,107,83,93,67,49,71,82,117,55,91,88,102,84,117,27,31,30,30,36,47,30,49,61,63,62,26,58,23,40,71,88,78,41,147,58,134,190,114,78,87,20,17,103,85,45,9,133,9,21,36,57,49,54,31,39,38,47,55,39,3,19,56,26,17,7,84,107,114,56,73,38,53,83,106,62,76,55,54,68,40,46,32,27,50,31,29,41,69,39,47,53,38,84,105,115,122,100,160,59,102,39,78,25,81,71,50,44,93,37,24,26,37,66,28,64,27,20,15,29,29,26,34,31,47,3,39,50,46,12,26,41,47,32,54,99,31,44,29,100,48,57,84,60,17,49,52,40,15,70,38,33,46,25,22,79,45,6,14,29,,,,53,93,,79,130,93,68,103,50,62,30,113,97,151,18,85,86,80,80,72,72,76,76,37,99,90,105,86,59,59,91,49,70,61,63,52,91,63,97,99,57,88,114,6,35,18,6,16,44
20180830,2,CO,0.692,0.906,0.9,0.767,0.36,0.525,0.833,0.4,0.5,1,0.4,0.933,0.725,0.825,0.763,0.691,0.7,0.456,0.491,0.48,0.711,0.313,0.4,0.775,0.871,1.02,0.575,0.733,0.825,0.775,0.36,0.68,0.575,0.68,0.513,0.625,0.392,0.814,0.5,0.433,0.567,0.3,0.5,0.367,0.7,0.517,0.35,0.667,1.443,0.533,0.656,1.14,0.66,0.564,0.585,0.533,0.6,0.45,0.45,0.64,0.58,0.75,0.875,0.48,1.059,0.944,0.51,0.7,0.333,0.815,0.62,1.125,1.071,0.557,0.743,0.714,0.65,0.74,0.475,0.733,0.3,1.333,0.475,0.9,1.667,0.7,1.167,0.56,0.283,0.52,1,0.9,0.333,0.533,0.3,0.82,0.517,0.45,0.45,0.7,0.667,0.667,0.7,0.733,0.533,2.367,0.967,1.267,0.8,1.529,0.883,0.3,1.129,0.667,0.8,0.92,0.529,0.34,0.4,0.44,0.8,0.74,0.563,1.043,1,0.625,0.783,1.1,0.95,1.02,0.9,0.817,0.78,0.85,0.7,0.675,0.917,0.35,0.775,0.95,1.18,0.45,1.225,0.925,1.183,0.725,0.8,1.06,1.225,1.467,0.788,0.75,0.267,0.35,0.933,0.64,0.533,0.65,0.9,0.85,0.75,0.65,0.55,0.7,0.65,0.45,0.9,0.95,0.6,0.65,0.6,0.55,0.45,0.4,0.5,0.45,0.633,0.5,0.3,0.55,0.6,0.65,0.6,0.45,0.9,0.6,0.55,0.825,0.6,1.433,1.12,0.825,0.88,0.9,1.633,0.8,0.833,0.35,0.567,0.15,0.3,0.4,0.633,0.5,0.425,0.5,0.7,0.8,0.8,0.45,0.3,0.467,0.35,0.4,0.3,0.267,0.46,0.6,0.4,0.6,0.25,0.65,0.783,0.7,0.483,0.575,0.6,0.7,0.433,0.467,0.775,0.7,0.567,0.533,0.48,0.675,0.55,0.65,0.733,0.66,0.5,1.2,0.58,1.2,0.675,0.54,0.84,0.55,1.1,0.725,0.9,1.267,0.6,0.96,0.75,0.633,0.983,0.925,0.933,0.82,0.45,0.85,0.9,0.967,1.05,0.883,0.74,1.1,1.54,0.65,1.16,1.46,1.067,0.85,1.6,0.7,0.6,0.867,0.8,1,0.7,0.8,0.6,0.875,0.95,1.125,1.6,0.825,0.88,0.54,0.575,0.725,0.95,0.5,0.5,0.7,0.62,0.575,0.3,1,0.7,0.75,0.8,0.45,0.75,0.8,0.8,0.7,0.633,0.7,0.7,0.65,0.7,0.85,0.6,,,,0.6,0.3,,0.725,1.375,0.533,0.55,0.8,0.433,0.4,0.4,0.65,0.4,0.767,0.5,0.6,0.65,0.6,1.3,0.7,1.1,1.1,0.5,0.6,0.6,0.3,0.767,0.967,0.75,0.75,0.433,0.3,0.8,0.75,0.45,0.567,1,0.45,0.3,0.4,1.2,0.7,1.1,0.65,0.6,1.05,0.675,0.475,0.8
20180830,2,CO_24h,0.433,0.844,0.725,0.9,0.52,0.65,0.583,0.44,0.48,0.675,0.6,0.7,0.825,0.988,0.775,0.727,0.72,0.622,0.609,0.44,0.522,0.329,0.38,0.525,0.771,0.7,0.575,0.711,0.575,0.775,0.46,0.7,0.65,0.67,0.538,0.675,0.478,0.911,0.533,0.433,0.6,0.333,0.467,0.333,0.7,0.533,0.475,0.833,0.971,0.489,1.067,1.03,0.63,0.736,0.677,0.633,0.743,0.625,0.7,0.74,0.7,0.775,1.025,0.58,0.947,0.944,0.52,0.657,0.383,1.054,0.84,1.25,0.929,0.671,0.629,0.529,0.633,0.7,0.425,0.633,0.425,1.4,0.725,0.733,1.033,0.8,1.483,0.46,0.35,0.64,0.867,1,0.5,0.5,0.475,0.98,0.65,0.483,0.6,0.7,0.767,0.7,0.867,0.967,0.7,1.767,1.067,1.083,1.42,1.571,1.033,0.325,1.243,0.733,1.017,0.7,0.643,0.4,0.48,0.5,0.65,0.72,0.6,1.343,1.44,1,0.983,1.05,0.95,1.02,1.033,0.933,0.84,0.85,0.7,0.825,0.95,0.35,0.775,1.017,1.46,0.65,0.95,0.875,0.917,0.675,0.7,1.08,1.3,1.467,0.775,0.75,0.233,0.65,0.8,0.8,0.5,0.85,1.3,0.55,0.7,0.5,0.5,0.7,0.65,0.7,1.05,0.7,0.55,0.65,0.567,0.5,0.55,0.35,0.5,0.45,0.667,0.5,0.35,0.55,0.6,0.6,0.6,0.4,0.9,0.7,0.55,0.925,0.633,1.417,1,0.85,0.9,0.967,1.633,0.933,0.433,0.4,0.6,0.3,0.267,0.5,0.667,0.46,0.45,1.6,1,0.9,0.9,0.5,0.35,0.5,0.45,0.475,0.45,0.567,0.58,0.533,0.433,0.65,0.35,0.617,0.717,0.7,0.533,0.625,0.6,0.7,0.667,0.467,0.75,0.8,0.6,0.533,0.52,0.85,0.575,0.7,0.767,0.66,0.66,0.88,0.5,1.375,0.625,0.74,0.88,0.6,1.667,1.075,0.925,1.3,0.6,0.9,0.8,0.633,1.05,0.85,0.933,0.84,0.5,0.8,0.85,0.867,1.1,0.8,0.76,1.14,1.66,0.65,1.12,1.28,1,0.95,1.1,0.833,0.725,1,0.95,0.95,0.7,0.8,0.7,0.925,0.725,0.95,1.2,0.725,1.066,0.64,0.55,0.7,0.95,0.467,0.55,0.88,0.62,0.6,0.35,0.9,0.7,0.8,0.7,0.5,0.6,0.833,0.85,0.8,1.033,0.45,0.8,0.7,0.7,1,0.6,,,,1,0.25,,0.8,1.1,0.667,0.7,1.25,0.467,0.45,0.35,0.65,0.5,0.733,0.35,0.5,0.85,0.6,1.7,0.4,1.1,0.9,0.4,0.6,0.7,0.3,1.033,0.967,0.75,1,0.5,0.2,0.75,0.55,0.5,0.533,1,0.45,0.45,0.5,1,0.8,1,0.65,0.767,0.975,0.625,0.45,0.725
20180830,3,AQI,52,44,55,42,46,56,58,43,51,57,38,61,56,85,37,38,35,19,22,23,39,28,35,32,61,55,26,36,54,45,40,34,52,24,18,22,58,61,22,18,20,16,20,17,60,23,26,30,85,36,62,39,26,18,27,29,14,28,22,16,17,25,20,24,75,76,48,48,25,57,53,30,72,48,34,38,32,60,39,39,21,72,47,53,64,41,59,50,45,56,52,75,32,49,49,27,21,19,20,20,25,19,29,21,14,57,60,49,86,94,63,38,55,32,38,61,29,16,22,21,51,52,27,79,63,61,71,78,97,55,30,47,28,50,23,31,31,24,75,81,81,52,138,94,174,47,65,73,65,73,72,83,40,44,53,53,57,38,67,49,54,56,43,61,35,43,45,49,41,59,30,22,23,33,24,44,28,23,27,33,29,29,28,20,17,31,54,57,18,114,65,71,119,59,133,47,55,12,45,43,21,33,78,31,42,19,28,25,27,15,28,17,24,25,19,26,19,28,17,19,16,57,67,59,42,50,18,56,52,48,63,60,44,39,32,19,23,24,14,22,18,35,25,34,26,23,27,21,60,58,51,73,66,95,53,71,58,56,38,68,35,36,42,50,61,54,48,34,32,58,43,46,40,27,22,16,30,18,25,38,40,23,25,49,120,120,82,64,69,42,54,49,67,18,50,31,52,43,56,56,45,35,54,21,54,37,23,40,58,75,35,34,25,54,22,,,,28,47,,61,92,50,54,54,60,31,54,92,48,94,78,63,45,41,58,35,43,38,36,21,47,56,71,61,27,30,65,24,46,111,153,55,43,32,60,76,194,43,85,47,19,30,59,40,29
20180830,3,PM2.5,18,17,30,21,9,24,31,11,9,28,21,36,19,62,10,19,15,13,7,8,20,11,17,22,31,24,14,22,31,17,22,21,26,10,5,10,12,43,11,7,9,8,8,5,31,3,4,6,56,19,22,18,15,10,15,8,9,2,7,10,9,13,11,9,54,55,26,26,3,33,27,18,43,13,14,18,22,11,24,23,9,50,21,29,44,13,40,22,14,26,35,53,16,17,6,16,3,10,6,6,5,10,15,5,5,31,29,17,53,70,30,13,28,19,11,29,15,8,13,11,24,28,8,35,25,20,40,57,63,31,6,22,14,26,16,5,13,9,54,59,59,33,105,70,131,18,42,45,45,39,50,59,9,11,36,3,2,16,48,24,37,39,30,25,20,11,13,20,14,15,15,9,11,10,10,19,13,13,13,21,15,16,6,10,6,19,37,36,10,85,37,51,56,41,101,19,27,8,24,14,12,14,33,15,13,8,12,3,14,3,19,3,9,7,6,10,10,8,6,12,11,38,45,32,25,19,5,35,20,32,44,29,27,15,3,6,4,10,6,6,5,14,13,9,12,7,4,7,23,14,21,37,47,64,23,42,31,38,14,48,12,14,29,32,24,24,26,17,5,35,17,20,28,12,12,5,15,9,11,26,23,8,7,23,90,90,60,42,47,29,36,30,31,11,33,21,32,22,21,39,11,24,37,7,37,18,13,28,29,54,5,15,12,20,15,,,,14,24,,34,68,30,35,22,38,21,34,68,6,39,38,44,31,25,40,6,30,16,11,6,11,21,19,39,16,12,17,7,29,44,48,25,7,2,7,14,6,9,62,17,6,10,29,22,17
20180830,3,PM2.5_24h,8,21,34,24,13,42,27,11,8,19,30,35,30,95,9,20,15,11,11,9,13,9,16,22,29,23,12,25,22,19,24,16,27,10,7,12,18,51,11,8,7,12,10,9,25,5,8,7,45,14,47,23,18,14,16,8,14,6,12,14,10,13,16,10,48,56,23,26,10,47,38,38,34,20,13,16,17,13,16,14,7,52,28,22,33,22,41,29,16,30,31,52,18,21,21,16,7,10,5,7,5,12,16,8,10,30,49,13,67,65,47,10,24,22,19,15,16,12,16,11,19,20,13,53,47,46,51,51,53,28,23,28,26,25,21,5,22,9,46,62,61,50,71,55,78,18,28,45,41,45,47,49,9,16,32,10,20,30,50,16,24,24,19,26,14,25,22,15,15,14,13,9,11,13,11,14,15,12,14,17,15,12,8,7,7,13,34,41,11,73,20,61,44,39,80,27,18,13,25,13,14,8,48,10,20,14,18,14,13,9,21,5,10,9,10,14,15,10,8,16,10,29,34,26,23,18,7,22,32,30,33,23,25,17,5,6,4,11,6,9,12,13,14,12,14,17,8,9,43,39,38,55,46,44,38,36,29,32,18,37,24,17,23,28,24,19,20,15,9,29,20,18,24,11,17,10,15,12,16,12,24,12,10,23,64,47,56,40,66,38,42,33,40,13,30,31,26,23,13,25,12,22,23,14,21,25,20,42,40,21,13,16,16,22,15,,,,24,13,,35,33,32,36,33,34,22,21,57,12,37,34,37,46,23,52,26,27,20,17,9,12,25,33,32,23,18,16,7,16,23,73,19,6,6,15,13,9,8,45,14,9,12,20,12,17
20180830,3,PM10,51,43,57,41,45,60,64,42,50,61,37,57,59,98,29,37,28,18,12,22,38,27,34,29,69,57,25,35,55,44,39,33,51,23,16,21,64,62,21,17,19,15,19,14,68,10,10,12,118,35,47,38,25,17,26,15,13,4,18,,16,24,19,23,87,84,47,47,8,61,54,29,91,47,33,37,29,16,38,38,10,92,46,54,76,27,65,49,35,51,51,79,31,33,19,26,7,18,19,19,13,18,28,13,12,62,67,37,73,104,49,37,57,31,37,69,23,15,21,20,50,51,22,71,73,48,71,92,96,58,29,46,23,49,20,20,30,23,95,80,88,52,155,107,166,46,78,94,78,93,92,114,27,23,18,25,7,30,76,48,39,54,36,48,34,23,34,38,28,28,29,21,22,32,23,43,27,22,17,32,28,28,10,19,8,30,52,62,17,151,77,74,83,54,123,23,58,10,32,14,16,32,52,30,41,17,18,15,24,10,12,12,14,16,9,25,18,12,16,18,,62,82,66,41,49,17,60,52,46,67,68,43,38,11,18,16,23,10,15,17,34,24,11,25,20,16,20,67,47,47,94,69,97,54,89,63,60,37,83,26,35,34,49,70,55,47,33,15,64,42,45,32,26,21,15,29,11,24,33,39,22,14,48,156,123,97,76,85,41,55,48,81,17,44,30,51,42,60,59,44,33,49,20,42,36,22,29,63,96,16,33,24,55,,,,,3,34,,69,75,49,55,38,67,30,55,97,22,76,104,56,32,25,48,15,31,19,,11,12,60,90,69,25,17,77,10,45,169,254,58,12,5,67,99,336,11,110,46,18,29,66,39,28
20180830,3,PM10_24h,27,43,65,47,32,87,57,32,27,41,50,61,69,120,32,36,28,20,20,26,32,30,36,31,65,52,32,46,35,42,44,34,45,26,18,22,34,80,24,21,18,22,21,21,58,14,14,23,99,40,93,42,33,24,23,13,25,12,25,23,18,27,23,22,82,88,45,46,27,90,79,61,70,52,28,30,45,36,29,23,14,82,68,58,67,38,72,65,34,53,53,94,41,34,44,25,16,21,16,18,18,23,26,14,21,55,89,43,101,97,77,29,46,34,39,41,29,28,28,19,42,43,39,98,92,89,94,89,95,59,55,49,40,54,33,19,33,34,77,87,94,74,103,98,104,36,53,92,68,88,79,106,29,43,77,37,61,51,94,28,34,41,35,43,26,40,60,29,30,32,30,25,26,42,27,42,32,29,24,26,33,33,19,18,15,24,61,66,19,130,72,91,71,62,99,62,45,23,45,19,22,23,103,27,41,23,22,24,24,14,29,14,22,23,18,29,24,20,25,23,14,55,64,56,44,40,16,51,68,46,63,61,46,40,12,17,12,19,15,20,30,29,26,22,31,40,24,26,93,77,72,110,83,80,79,65,49,54,39,75,39,39,43,45,48,39,36,33,26,46,48,35,35,23,27,18,26,20,31,23,36,24,18,51,121,79,84,65,101,58,54,51,87,23,39,43,44,34,50,41,30,35,41,31,44,39,36,55,72,40,30,43,25,48,22,,,,17,25,,64,68,57,67,75,54,51,39,82,33,73,81,53,65,37,80,32,48,34,21,29,21,61,67,74,86,40,47,19,40,74,432,67,30,17,51,48,215,20,90,36,18,22,39,33,28
20180830,3,SO2,6,12,32,19,22,16,16,6,5,6,13,10,15,7,8,9,8,3,6,5,7,5,14,8,13,17,10,13,10,11,4,8,5,6,5,5,6,24,3,5,3,8,9,6,6,4,3,7,10,9,10,6,6,6,5,2,5,4,3,4,4,9,8,3,11,10,5,9,8,9,5,9,20,6,7,13,10,7,6,18,11,9,10,10,22,10,8,7,8,12,7,12,4,9,5,9,6,9,6,6,6,6,8,10,6,10,8,8,6,17,8,12,5,11,9,23,6,4,3,4,6,12,18,19,33,9,13,14,13,7,8,18,8,5,7,8,7,4,6,9,32,6,14,16,14,6,102,12,12,10,3,7,18,2,7,4,4,12,30,4,5,10,6,3,5,9,8,10,7,11,9,11,16,5,15,4,14,12,10,8,17,5,7,3,6,6,6,9,3,12,8,5,2,11,16,5,5,2,5,15,2,13,8,7,6,2,8,3,6,2,5,6,4,7,2,4,4,6,6,5,3,32,19,10,13,7,10,10,5,12,4,14,16,11,6,10,4,4,3,6,11,15,36,7,24,11,7,9,30,16,14,12,8,6,4,11,10,11,3,9,7,3,6,4,7,11,11,5,12,11,18,9,1,11,9,11,12,13,7,28,4,6,4,20,13,8,12,12,7,12,25,3,6,6,18,14,12,6,1,10,10,9,23,5,24,10,7,7,19,96,6,3,8,7,9,,,,4,4,,6,6,10,3,6,6,4,5,8,7,11,11,14,12,9,7,11,13,8,8,10,17,4,9,7,6,5,7,6,6,8,8,11,3,6,5,11,4,8,8,15,5,9,11,8,7
20180830,3,SO2_24h,4,10,15,19,11,16,14,6,5,4,13,10,19,9,9,10,7,4,6,4,7,4,15,7,12,14,9,13,7,7,6,8,6,6,5,5,6,23,3,5,4,8,4,5,7,5,3,9,12,8,10,6,6,7,5,2,6,4,4,5,8,9,7,3,10,10,4,13,8,10,6,9,24,8,8,11,16,10,4,12,8,15,7,12,13,10,13,7,8,12,7,10,4,8,6,10,7,8,6,6,6,7,9,8,7,9,9,12,8,33,9,8,8,12,11,12,8,4,3,6,7,10,13,19,28,11,11,15,12,8,10,10,9,6,12,7,7,4,7,10,45,12,11,15,10,6,48,12,13,10,4,8,15,6,18,4,5,12,30,4,5,9,5,4,6,11,9,6,4,8,9,9,12,7,13,4,12,10,9,7,11,5,7,4,5,4,7,9,3,14,18,6,5,18,17,13,5,5,7,16,2,16,9,7,6,3,14,4,10,2,6,5,4,7,2,6,5,8,7,7,3,19,15,10,14,8,10,10,7,12,6,12,15,9,7,9,6,5,3,8,15,8,26,8,20,14,11,12,23,18,14,9,9,5,5,11,12,11,6,11,7,3,5,4,9,12,8,6,8,6,11,6,2,10,9,11,10,13,7,13,5,8,5,25,12,14,10,10,16,10,19,4,8,8,10,11,14,9,1,10,13,16,32,5,12,17,8,13,36,14,6,5,16,9,10,,,,5,3,,8,9,9,22,21,7,7,3,7,7,8,5,15,15,10,11,10,13,10,7,9,19,6,11,13,6,6,9,7,5,9,12,10,4,5,10,14,4,9,9,15,6,7,11,11,6
20180830,3,NO2,36,40,23,45,54,32,32,17,31,30,24,18,36,29,15,44,24,13,15,19,24,25,32,20,22,46,27,35,40,32,17,14,17,19,9,28,3,47,15,11,5,21,23,13,35,12,14,13,47,21,23,39,30,28,30,6,22,2,5,16,17,41,16,7,48,63,18,40,13,25,23,20,18,7,24,41,17,8,32,47,12,31,24,18,31,25,21,16,13,17,16,12,13,10,12,27,7,19,4,19,6,7,34,7,17,23,26,6,9,14,17,26,30,26,21,37,9,3,16,5,18,16,17,19,37,17,20,15,12,20,21,17,13,14,6,8,21,4,30,22,27,26,68,25,30,30,24,30,27,52,29,24,8,15,20,5,3,19,31,11,30,12,10,12,18,15,13,15,13,18,32,12,19,20,26,62,27,18,19,36,22,17,5,19,8,27,14,12,19,52,15,19,5,23,21,8,26,18,16,7,3,28,4,30,24,19,4,6,4,6,3,8,2,4,4,3,16,15,3,5,4,52,20,21,38,48,8,41,14,19,37,12,27,16,8,14,7,14,10,5,11,12,18,3,4,7,7,5,36,24,19,17,12,12,15,10,29,16,23,17,9,8,16,6,18,27,19,14,16,20,17,19,9,20,21,9,12,7,16,11,19,10,4,29,55,26,40,37,42,36,12,16,36,4,10,10,20,10,2,19,10,28,14,11,22,8,10,18,28,40,9,13,9,12,7,,,,7,8,,18,10,12,13,5,25,16,15,43,11,12,44,16,2,10,36,14,8,20,9,8,7,7,7,30,7,30,9,6,16,32,18,22,,4,4,4,10,14,13,47,11,23,32,33,11
20180830,3,NO2_24h,24,31,25,33,30,28,30,14,22,32,30,23,33,26,22,28,16,27,29,17,18,22,22,16,24,29,22,34,23,22,17,14,19,15,10,26,12,41,15,10,7,15,16,11,31,16,16,14,40,22,34,30,22,41,33,15,33,8,15,37,19,30,23,17,46,46,17,30,16,40,28,26,21,22,21,23,32,25,16,17,18,29,28,19,17,15,29,20,14,19,27,19,18,10,12,20,13,15,9,19,8,13,29,13,14,21,25,16,14,24,18,25,28,23,24,23,17,8,21,14,15,13,14,30,29,18,22,23,16,24,17,12,13,17,12,10,14,8,31,28,32,29,48,28,23,26,20,28,24,45,27,25,7,19,20,10,11,16,37,18,19,28,8,14,11,16,13,10,10,20,21,16,25,25,27,30,25,10,17,18,11,18,15,13,6,13,16,11,20,34,28,16,8,23,33,20,19,13,15,16,6,26,9,18,15,14,11,12,13,8,8,12,9,9,9,8,19,16,6,13,6,33,19,16,25,18,10,33,17,22,38,13,24,15,11,17,7,18,13,4,12,13,12,13,9,15,8,7,32,28,19,29,15,14,18,17,29,14,22,18,6,6,12,10,14,18,13,13,17,19,10,13,11,20,14,11,13,13,13,9,17,8,10,28,37,36,35,28,30,32,15,18,27,6,12,14,22,8,2,13,22,22,15,9,14,11,12,17,20,19,12,20,13,14,10,,,,8,7,,17,23,12,20,14,15,12,10,36,15,13,25,14,10,12,42,14,9,17,8,10,8,14,16,23,13,33,17,11,22,27,12,16,9,7,12,9,7,16,25,27,12,20,23,19,14
20180830,3,O3,66,54,113,46,20,93,95,51,2,67,82,102,93,95,78,6,65,34,32,35,50,23,15,35,61,21,21,25,23,19,35,48,37,31,36,11,52,34,31,30,31,25,27,29,63,41,49,54,58,53,107,34,23,23,32,58,28,54,51,39,25,9,33,19,61,49,58,17,48,92,66,42,75,83,18,9,67,119,30,7,45,98,58,84,74,67,78,72,83,95,88,122,48,96,86,30,43,26,39,18,49,42,10,39,22,22,72,101,127,156,105,10,11,8,10,7,53,25,14,34,63,48,47,125,70,105,116,132,151,62,51,35,49,76,48,52,23,38,75,57,54,42,35,95,76,22,39,98,102,15,61,117,69,81,82,97,107,66,59,66,41,83,68,105,41,78,89,90,78,100,23,33,29,25,34,32,22,36,45,28,33,22,55,17,26,35,73,59,28,95,83,114,169,99,128,103,13,15,71,95,37,5,131,11,5,26,53,50,46,26,36,27,45,43,38,9,14,56,21,12,6,55,75,63,49,50,30,48,77,80,62,69,47,44,57,32,45,34,26,37,31,30,30,65,41,41,53,40,75,114,84,121,87,145,51,90,55,72,29,76,65,39,53,93,25,14,22,32,59,17,55,24,25,11,23,31,28,39,23,33,3,39,48,42,12,23,53,51,18,47,91,33,31,27,97,48,56,71,38,13,63,19,29,9,49,33,26,34,12,15,61,70,8,12,31,,,,61,91,,84,166,68,64,104,40,46,46,117,93,153,15,75,77,83,59,64,84,74,64,47,91,90,101,55,49,56,91,48,63,71,58,45,75,61,98,83,55,80,114,3,30,19,3,13,37
20180830,3,O3_24h,123,158,186,127,113,220,163,118,103,126,188,169,194,189,131,68,126,60,61,93,141,112,144,146,159,194,131,124,190,178,148,105,137,113,85,57,87,117,128,69,73,93,93,71,166,54,98,94,202,133,223,151,132,144,68,82,124,82,84,112,80,86,77,51,250,238,97,102,81,234,149,138,163,129,106,91,131,119,127,97,107,251,180,174,193,195,225,177,127,192,156,205,168,126,188,136,87,65,66,89,79,73,134,83,75,108,189,115,213,233,191,79,76,74,57,87,69,62,64,71,186,170,137,220,210,220,220,187,221,150,149,178,138,139,94,77,93,52,249,204,204,190,217,262,182,109,87,201,217,169,205,221,96,113,192,119,108,172,219,141,140,152,142,167,128,193,165,111,101,117,125,108,105,130,110,125,142,183,149,152,70,78,88,68,83,102,145,145,74,249,131,221,209,173,219,199,91,66,146,118,75,100,188,89,83,97,98,69,78,74,77,81,49,57,64,62,52,58,38,48,43,169,197,155,146,130,71,214,156,151,147,139,176,141,99,67,97,73,53,75,108,86,123,112,93,104,91,99,224,249,201,194,161,181,134,142,135,127,134,140,119,135,150,123,170,101,93,121,100,103,112,118,89,75,79,69,90,58,82,77,86,79,76,168,174,227,174,238,164,169,178,106,206,86,146,169,86,102,116,91,102,99,112,76,98,96,72,110,122,85,86,134,103,70,65,,,,64,139,,165,169,170,175,120,148,104,113,170,108,156,121,155,133,104,163,104,84,99,96,102,106,163,153,136,72,94,135,94,109,128,93,115,136,93,132,129,146,88,146,94,82,77,71,96,77
20180830,3,O3_8h,61,58,104,65,22,98,105,54,3,77,69,111,84,101,73,8,69,33,42,37,65,25,14,37,70,22,22,26,26,21,43,50,43,36,35,17,50,32,32,31,31,30,29,33,71,44,50,58,66,58,113,30,21,18,34,56,24,55,43,30,29,9,33,15,63,61,58,15,49,94,73,44,70,80,18,12,59,110,31,9,41,96,62,96,88,81,86,82,88,106,79,128,57,97,96,38,41,30,38,19,49,34,17,40,27,17,83,97,142,150,114,12,12,9,10,7,56,29,17,36,74,63,53,133,70,111,123,131,155,59,53,46,54,83,42,61,30,38,76,55,53,46,40,84,74,17,34,97,107,12,66,118,79,86,89,102,107,75,76,67,45,75,75,111,49,85,89,97,81,109,25,31,29,27,34,38,26,43,52,44,42,24,55,19,33,47,79,69,35,125,66,124,179,107,94,92,18,16,88,85,41,7,132,10,13,36,55,49,52,28,37,32,46,49,37,4,15,55,24,14,6,67,89,92,52,60,33,50,81,95,61,73,51,49,62,36,45,32,26,43,31,27,33,67,38,45,53,38,78,108,100,120,91,152,55,97,37,75,26,78,68,45,47,92,31,19,23,32,63,23,58,25,21,12,25,29,26,35,27,40,3,38,48,43,11,24,38,47,25,50,94,32,35,28,98,47,55,76,47,15,54,35,36,11,55,35,29,37,17,15,68,48,7,13,30,,,,55,92,,80,142,81,65,103,42,54,35,113,95,151,16,81,81,80,69,69,74,75,71,40,93,89,102,66,53,58,91,47,63,56,61,48,84,62,97,89,56,85,114,4,33,18,4,15,39
20180830,3,O3_8h_24h,66,66,105,83,27,104,117,57,5,88,69,119,84,110,76,10,77,33,51,39,79,26,15,46,76,24,23,29,31,24,51,53,48,42,36,21,55,40,33,32,32,38,32,40,80,46,53,63,74,64,121,33,21,18,38,57,24,58,43,30,34,11,34,15,71,71,61,18,51,98,78,46,70,83,21,15,60,110,33,14,41,96,65,111,107,92,96,94,98,114,80,133,67,101,105,46,41,33,40,20,50,34,23,41,35,17,97,97,159,156,121,15,14,10,11,8,60,31,19,40,87,77,59,139,73,117,129,132,160,62,65,57,58,91,43,71,37,38,78,57,56,49,46,86,77,18,34,99,114,14,72,124,84,94,95,107,107,83,93,67,49,75,82,117,55,91,89,102,84,117,27,32,30,30,36,47,30,49,61,63,62,26,58,23,40,71,88,78,41,147,66,134,190,115,94,92,20,17,103,86,45,9,133,10,21,41,57,50,54,31,39,38,47,55,40,4,20,56,26,17,7,84,107,114,56,73,38,53,83,106,63,76,55,54,68,40,46,32,27,50,32,30,41,69,39,47,54,39,85,108,115,122,100,160,59,102,45,79,27,81,71,50,47,93,37,24,26,37,67,28,65,28,22,15,29,29,28,35,31,47,3,39,50,46,13,26,41,50,32,55,99,33,44,30,100,48,58,84,60,17,56,52,40,15,70,38,33,46,25,22,79,49,7,14,30,,,,55,93,,80,142,93,69,103,51,62,35,113,97,152,19,85,86,80,80,72,74,76,76,40,99,90,105,89,59,59,92,50,70,64,63,52,91,63,97,99,57,88,115,6,35,19,6,17,42
20180830,3,CO,0.733,0.9,1,0.967,0.46,0.625,1.1,0.38,0.48,1,0.333,0.867,0.95,0.825,0.788,0.673,0.71,0.422,0.573,0.48,0.689,0.3,0.4,0.75,0.914,0.96,0.575,0.711,0.775,0.85,0.36,0.7,0.55,0.66,0.513,0.675,0.392,0.814,0.5,0.4,0.567,0.3,0.5,0.367,0.72,0.517,0.35,0.733,1.329,0.5,0.644,1.11,0.65,0.555,0.592,0.5,0.557,0.45,0.425,0.54,0.62,0.775,0.875,0.46,1.012,0.989,0.48,0.671,0.35,0.831,0.78,1.025,1.057,0.586,0.729,0.686,0.6,0.72,0.425,0.733,0.275,1.267,0.475,0.833,1.733,0.733,1.02,0.6,0.283,0.52,0.867,1.1,0.3,0.567,0.267,0.88,0.517,0.417,0.433,0.667,0.7,0.333,0.7,0.7,0.567,2.5,1,1.45,0.72,1.443,0.883,0.4,1.2,0.683,0.817,0.94,0.514,0.34,0.42,0.42,0.825,0.82,0.6,0.9,1.26,0.725,0.817,1.025,0.925,1.02,0.933,0.833,0.76,0.825,0.65,0.575,0.9,0.4,0.825,0.9,1.3,0.475,1.2,0.85,1.15,0.675,0.95,1.04,1.225,1.467,0.763,0.825,0.333,0.35,1.3,0.64,0.533,0.75,1.15,0.85,0.8,0.8,0.55,0.65,0.7,0.45,0.9,0.85,0.6,0.7,0.667,0.5,0.45,0.3,0.5,0.5,0.667,0.5,0.55,0.45,0.6,0.6,0.5,0.4,0.9,0.8,0.55,0.9,0.6,1.467,1.1,0.75,0.86,0.867,1.6,0.767,1.233,0.3,0.6,0.2,0.3,0.3,0.633,0.48,0.425,0.5,0.7,0.8,0.8,0.45,0.3,0.467,0.35,0.375,0.3,0.233,0.42,0.6,0.4,0.55,0.3,0.667,0.767,0.733,0.467,0.575,0.6,0.533,0.467,0.433,0.8,0.7,0.6,0.567,0.5,0.675,0.55,0.575,0.7,0.66,0.54,1.04,0.58,1.175,0.675,0.56,0.84,0.525,1.2,0.75,0.95,1.167,0.675,0.96,0.75,0.6,0.817,0.95,0.9,0.82,0.5,0.85,0.85,0.933,1,1.117,0.76,1.04,1.58,0.65,1.16,1.8,1.067,0.775,1.167,0.7,0.625,0.867,0.8,0.9,0.667,0.8,0.6,0.9,0.9,1.15,1.5,0.75,0.9,0.54,0.55,0.7,0.95,0.467,0.5,0.64,0.48,0.575,0.25,0.9,0.65,0.75,0.8,0.45,0.75,0.8,0.8,0.65,0.633,0.7,0.7,0.65,0.6,0.85,0.6,,,,0.6,0.35,,0.7,1.45,0.567,0.55,0.8,0.4,0.4,0.35,0.7,0.4,0.767,0.45,0.6,0.65,0.5,1.3,0.7,1.2,1.1,0.4,0.5,0.6,0.3,0.733,0.933,0.75,0.8,0.433,0.25,0.7,0.55,0.4,0.567,1,0.45,0.3,0.4,1.2,0.7,1.133,0.65,0.567,0.875,0.75,0.55,0.9
20180830,3,CO_24h,0.442,0.844,0.738,0.9,0.48,0.65,0.583,0.44,0.48,0.7,0.6,0.7,0.825,0.988,0.775,0.736,0.72,0.611,0.609,0.45,0.522,0.329,0.38,0.525,0.786,0.7,0.575,0.711,0.625,0.8,0.46,0.7,0.65,0.67,0.538,0.7,0.478,0.911,0.533,0.433,0.6,0.333,0.467,0.333,0.69,0.533,0.475,0.822,1.014,0.5,1.033,1.04,0.63,0.709,0.669,0.6,0.729,0.625,0.675,0.74,0.7,0.775,1.025,0.56,0.941,0.933,0.51,0.657,0.383,1.046,0.84,1.2,0.9,0.671,0.657,0.557,0.633,0.7,0.425,0.633,0.425,1.4,0.775,0.733,1.033,0.833,1.38,0.46,0.35,0.62,0.867,1.067,0.5,0.5,0.475,0.96,0.65,0.483,0.6,0.7,0.767,0.7,0.867,0.933,0.7,1.767,1.067,1.067,1.38,1.571,1.033,0.325,1.243,0.717,1,0.7,0.643,0.4,0.48,0.5,0.675,0.72,0.588,1.343,1.4,0.975,0.933,1.05,0.95,1.02,1.033,0.9,0.84,0.85,0.7,0.825,0.933,0.35,0.775,1.017,1.48,0.65,0.95,0.875,0.933,0.675,0.7,1.08,1.3,1.533,0.775,0.75,0.233,0.65,0.867,0.78,0.5,0.9,1.25,0.55,0.7,0.5,0.5,0.7,0.65,0.7,1.05,0.75,0.55,0.7,0.567,0.5,0.55,0.35,0.5,0.45,0.667,0.5,0.4,0.55,0.6,0.6,0.6,0.4,0.9,0.7,0.525,0.925,0.633,1.417,0.98,0.85,0.9,0.933,1.667,0.933,0.5,0.4,0.6,0.25,0.267,0.5,0.667,0.46,0.45,1.3,0.9,0.9,0.9,0.5,0.35,0.5,0.45,0.45,0.45,0.567,0.58,0.567,0.433,0.65,0.4,0.633,0.733,0.7,0.533,0.625,0.6,0.667,0.667,0.467,0.75,0.75,0.6,0.533,0.52,0.85,0.575,0.7,0.767,0.66,0.66,0.9,0.48,1.375,0.625,0.74,0.88,0.6,1.6,1.05,0.925,1.3,0.6,0.9,0.8,0.633,1.05,0.85,0.933,0.82,0.5,0.8,0.85,0.867,1.1,0.817,0.76,1.14,1.62,0.65,1.12,1.3,1,0.95,1.1,0.833,0.725,1,0.95,0.95,0.7,0.8,0.7,0.925,0.725,0.95,1.2,0.725,1.066,0.64,0.55,0.7,0.95,0.467,0.55,0.88,0.6,0.6,0.35,0.9,0.75,0.8,0.7,0.5,0.6,0.833,0.85,0.8,0.967,0.45,0.8,0.7,0.7,1,0.6,,,,1,0.25,,0.8,1.125,0.667,0.7,1.2,0.433,0.45,0.35,0.65,0.5,0.733,0.35,0.5,0.85,0.6,1.7,0.5,1.1,0.9,0.4,0.6,0.7,0.3,1.033,0.967,0.75,1,0.467,0.2,0.75,0.55,0.5,0.533,1,0.45,0.4,0.5,1.1,0.8,1,0.65,0.767,0.975,0.625,0.45,0.767